baseline,seed,score_at_2,ba_auc_at_2,normalized_auc_at_2,total_spent_usd,last_observed_cost_at_2,observations_at_2,final_score
frugalevo,seed73,0.7983236520776712,1.5603763173610383,0.7801881586805192,1.11253973,1.11253973,101,0.7983236520776712
frugalevo,seed74,0.745621591327154,1.4822047698527574,0.7411023849263787,0.8746194599999999,0.8746194599999999,101,0.745621591327154
frugalevo,seed75,0.770264651400426,1.51516916801057,0.757584584005285,1.03706108,1.03706108,101,0.770264651400426
adaevolve,seed73,0.7224984829020954,1.3054403867529527,0.6527201933764764,3.1767353,1.9986346,78,0.7383435641310682
adaevolve,seed74,0.7970858105316695,1.3923772254772415,0.6961886127386208,2.82812935,1.95718895,80,0.808852906142789
adaevolve,seed75,0.7339723341382827,1.3475841366499468,0.6737920683249734,3.2419943,1.9716033499999999,77,0.7605889237519804
evox,seed73,0.7167277697676951,1.3661607590388578,0.6830803795194289,2.101441698,1.9954814580000002,93,0.7167277697676951
evox,seed74,0.6961541448873398,1.2486378822442115,0.6243189411221057,3.433673556,1.977494652,66,0.7660048527282785
evox,seed75,0.706172664241858,1.3968405713649443,0.6984202856824722,2.26173235,1.9992841499999998,91,0.7074698122938117
openevolve_native,seed73,0.7427835557304675,1.4334443846835123,0.7167221923417562,2.1281696,1.9872067,94,0.7445919329030822
openevolve_native,seed74,0.6697945536632068,1.2995449300393718,0.6497724650196859,1.95025185,1.95025185,101,0.6697945536632068
openevolve_native,seed75,0.6444099794300022,1.1900868031324665,0.5950434015662333,1.7548251499999998,1.7548251499999998,101,0.6444099794300022
shinkaevolve,seed73,0.6398070533085896,1.2300761251809142,0.6150380625904571,3.1565425699999996,1.95879072,74,0.7044950746377373
shinkaevolve,seed74,0.7155660167649761,1.3746593900458746,0.6873296950229373,3.0863652,1.9888494099999998,72,0.7155660167649761
shinkaevolve,seed75,0.6519992344875417,1.2880200278817813,0.6440100139408906,2.7285323299999997,1.9935193699999998,79,0.6519992344875417
