budget,method,seed,combined_score,ba_auc,last_observed_cost
1,frugalevo,seed73,0.7977905764178819,0.7620808976296739,1.11253973
1,frugalevo,seed74,0.745621591327154,0.7365831785256034,0.8746194599999999
1,frugalevo,seed75,0.770264651400426,0.7449045166101437,1.03706108
1,adaevolve,seed73,0.6691904322757783,0.6276116353060532,3.1767353
1,adaevolve,seed74,0.6828045676120993,0.6413205354896924,2.82812935
1,adaevolve,seed75,0.6766381881312877,0.6254164211366928,3.2419943
1,evox,seed73,0.7092473499582724,0.6532070255076199,2.101441698
1,evox,seed74,0.6128127430056214,0.5738113741364865,3.433673556
1,evox,seed75,0.7011772999277719,0.6934259527453406,2.26173235
1,openevolve_native,seed73,0.7424519881731386,0.6907184237054224,2.1281696
1,openevolve_native,seed74,0.6569450038412733,0.6390274780459232,1.95025185
1,openevolve_native,seed75,0.5937353895089711,0.5593952960252533,1.7548251499999998
1,shinkaevolve,seed73,0.6241123772249667,0.5958525649011202,3.01309157
1,shinkaevolve,seed74,0.7155511054076052,0.6591029351539833,3.0378723999999995
1,shinkaevolve,seed75,0.6477220720006157,0.6366033100335793,2.66024418
2,frugalevo,seed73,0.7983236520776712,1.5603763173610383,1.11253973
2,frugalevo,seed74,0.745621591327154,1.4822047698527574,0.8746194599999999
2,frugalevo,seed75,0.770264651400426,1.5151691680105697,1.03706108
2,adaevolve,seed73,0.7224984829020954,1.3054403867529523,3.1767353
2,adaevolve,seed74,0.7970858105316695,1.3923772254772413,2.82812935
2,adaevolve,seed75,0.7339723341382827,1.347584136649947,3.2419943
2,evox,seed73,0.7167277697676951,1.3661607590388574,2.101441698
2,evox,seed74,0.6961541448873398,1.248637882244212,3.433673556
2,evox,seed75,0.706172664241858,1.3968405713649443,2.26173235
2,openevolve_native,seed73,0.7427835557304675,1.433444384683512,2.1281696
2,openevolve_native,seed74,0.6697945536632068,1.2995449300393715,1.95025185
2,openevolve_native,seed75,0.6444099794300022,1.1900868031324667,1.7548251499999998
2,shinkaevolve,seed73,0.6398070533085896,1.2300761251809145,3.01309157
2,shinkaevolve,seed74,0.7155660167649761,1.3746593900458746,3.0378723999999995
2,shinkaevolve,seed75,0.6519992344875417,1.2880200278817813,2.66024418
