budget,method,n,score_avg,score_std,score_best,ba_auc_avg,ba_auc_std
1,frugalevo,3,0.7712256063818206,0.026097764793298815,0.7977905764178819,0.7478561975884737,0.013002604943852473
1,adaevolve,3,0.6762110626730551,0.006817110631104534,0.6828045676120993,0.6314495306441461,0.008618717642894328
1,evox,3,0.6744124642972219,0.0534993053625544,0.7092473499582724,0.640148117463149,0.06086717640427303
1,openevolve_native,3,0.6643774605077943,0.07463637007943616,0.7424519881731386,0.6297137325921996,0.0661551234350603
1,shinkaevolve,3,0.6624618515443959,0.0474679479087104,0.7155511054076052,0.6305196033628943,0.032061050348082376
2,frugalevo,3,0.771403298268417,0.02636947457488091,0.7983236520776712,1.5192500850747885,0.03924523057676728
2,adaevolve,3,0.7511855425240158,0.04016264767079435,0.7970858105316695,1.3484672496267136,0.043475146903036
2,evox,3,0.7063515262989644,0.010287978611272376,0.7167277697676951,1.3372130708826713,0.07822714204702205
2,openevolve_native,3,0.6856626962745589,0.05107042775409778,0.7427835557304675,1.3076920392851168,0.12188318040808586
2,shinkaevolve,3,0.6691241015203692,0.04067924457466661,0.7155660167649761,1.29758518103619,0.07276468398820457
