baseline,cost_usd,mean_score,sample_sd
frugalevo,0.0,0.4982536422541924,6.798699777552591e-17
frugalevo,0.011613175,0.4982536422541924,6.798699777552591e-17
frugalevo,0.014564375000000001,0.4982536422541924,6.798699777552591e-17
frugalevo,0.015108275,0.4982536422541924,6.798699777552591e-17
frugalevo,0.030906425,0.5719051194580889,0.1275681005696496
frugalevo,0.03276921,0.5722106394924622,0.12809727679191438
frugalevo,0.033500025,0.6380577624066638,0.12168351016960928
frugalevo,0.034817425,0.7138042647026445,0.015825774959609847
frugalevo,0.035496335000000004,0.7144997537978125,0.016281692541725054
frugalevo,0.036295,0.7144997537978125,0.016281692541725054
frugalevo,0.03769855,0.7144997537978125,0.016281692541725054
frugalevo,0.037816459999999996,0.7177989894704693,0.01934096786447305
frugalevo,0.039024,0.7177989894704693,0.01934096786447305
frugalevo,0.040469575,0.7177989894704693,0.01934096786447305
frugalevo,0.04109957,0.7195896439837542,0.016293796322530398
frugalevo,0.04135535,0.7195896439837542,0.016293796322530398
frugalevo,0.04313484,0.7195896439837542,0.016293796322530398
frugalevo,0.043595415,0.7195896439837542,0.016293796322530398
frugalevo,0.04386515,0.7195896439837542,0.016293796322530398
frugalevo,0.046675770000000005,0.7195896439837542,0.016293796322530398
frugalevo,0.06569285999999999,0.7273594303394351,0.004144384335814568
frugalevo,0.06795362999999999,0.7273594303394351,0.004144384335814568
frugalevo,0.069780255,0.7273594303394351,0.004144384335814568
frugalevo,0.070162855,0.7273594303394351,0.004144384335814568
frugalevo,0.07211313,0.7273594303394351,0.004144384335814568
frugalevo,0.072497125,0.7273594303394351,0.004144384335814568
frugalevo,0.07434345,0.7361403329175754,0.014118277928011623
frugalevo,0.07559523,0.7361403329175754,0.014118277928011623
frugalevo,0.07661374500000001,0.7361403329175754,0.014118277928011623
frugalevo,0.07805973,0.736905336588626,0.013850237183617
frugalevo,0.08028700500000001,0.736905336588626,0.013850237183617
frugalevo,0.080966105,0.736905336588626,0.013850237183617
frugalevo,0.08287376,0.736905336588626,0.013850237183617
frugalevo,0.101191565,0.743461608861336,0.008736097838369504
frugalevo,0.103651625,0.7437692393224031,0.008788296169311123
frugalevo,0.10399336,0.7437692393224031,0.008788296169311123
frugalevo,0.10620607,0.7437692393224031,0.008788296169311123
frugalevo,0.10654180999999999,0.745309331710765,0.006409287551378112
frugalevo,0.10748801,0.7457548848281325,0.007099173230526306
frugalevo,0.10904860999999999,0.7457548848281325,0.007099173230526306
frugalevo,0.10968328499999999,0.7465511137048922,0.006018509584706103
frugalevo,0.11019432,0.7465511137048922,0.006018509584706103
frugalevo,0.112095985,0.7469665907821391,0.005906925942606912
frugalevo,0.11265302499999999,0.7469665907821391,0.005906925942606912
frugalevo,0.11270280499999999,0.7494443355335632,0.009971937066567791
frugalevo,0.115026815,0.7494443355335632,0.009971937066567791
frugalevo,0.115329935,0.7494443355335632,0.009971937066567791
frugalevo,0.11576463499999999,0.7494443355335632,0.009971937066567791
frugalevo,0.11785073,0.7494443355335632,0.009971937066567791
frugalevo,0.11787062499999999,0.7494443355335632,0.009971937066567791
frugalevo,0.14580458,0.7494443355335632,0.009971937066567791
frugalevo,0.1493428,0.7494443355335632,0.009971937066567791
frugalevo,0.15088669999999998,0.7494443355335632,0.009971937066567791
frugalevo,0.15176313,0.7494443355335632,0.009971937066567791
frugalevo,0.154100475,0.7494443355335632,0.009971937066567791
frugalevo,0.155032255,0.7494443355335632,0.009971937066567791
frugalevo,0.156835855,0.7494443355335632,0.009971937066567791
frugalevo,0.1575017,0.7494443355335632,0.009971937066567791
frugalevo,0.16020834,0.7494443355335632,0.009971937066567791
frugalevo,0.16095065,0.7494443355335632,0.009971937066567791
frugalevo,0.16408182999999998,0.7494443355335632,0.009971937066567791
frugalevo,0.166952975,0.7494443355335632,0.009971937066567791
frugalevo,0.18371204,0.7494833856911821,0.009924878006123027
frugalevo,0.187237875,0.7494833856911821,0.009924878006123027
frugalevo,0.1873033,0.7494833856911821,0.009924878006123027
frugalevo,0.189699765,0.7508472716156168,0.008458188554218888
frugalevo,0.19045341,0.7508472716156168,0.008458188554218888
frugalevo,0.19161778000000002,0.7508472716156168,0.008458188554218888
frugalevo,0.19362976499999998,0.7508472716156168,0.008458188554218888
frugalevo,0.194426255,0.7508472716156168,0.008458188554218888
frugalevo,0.19745449999999998,0.7508472716156168,0.008458188554218888
frugalevo,0.203323325,0.7508472716156168,0.008458188554218888
frugalevo,0.20586153499999998,0.7508472716156168,0.008458188554218888
frugalevo,0.20956154,0.7508472716156168,0.008458188554218888
frugalevo,0.212444315,0.7508472716156168,0.008458188554218888
frugalevo,0.22588845000000002,0.7508472716156168,0.008458188554218888
frugalevo,0.226753725,0.7508472716156168,0.008458188554218888
frugalevo,0.22880032,0.7508472716156168,0.008458188554218888
frugalevo,0.22942764999999998,0.7508472716156168,0.008458188554218888
frugalevo,0.231773755,0.7508472716156168,0.008458188554218888
frugalevo,0.23190613999999998,0.7508472716156168,0.008458188554218888
frugalevo,0.234300585,0.7508472716156168,0.008458188554218888
frugalevo,0.23508981,0.7508472716156168,0.008458188554218888
frugalevo,0.238556865,0.7508472716156168,0.008458188554218888
frugalevo,0.24118731499999999,0.7508472716156168,0.008458188554218888
frugalevo,0.25251604,0.7508472716156168,0.008458188554218888
frugalevo,0.255234535,0.7508472716156168,0.008458188554218888
frugalevo,0.258113735,0.7508472716156168,0.008458188554218888
frugalevo,0.26040507,0.7508472716156168,0.008458188554218888
frugalevo,0.2644455,0.7508472716156168,0.008458188554218888
frugalevo,0.264603335,0.7508472716156168,0.008458188554218888
frugalevo,0.26696915,0.7508472716156168,0.008458188554218888
frugalevo,0.26763797,0.7508472716156168,0.008458188554218888
frugalevo,0.27448501999999997,0.7508472716156168,0.008458188554218888
frugalevo,0.27850286999999996,0.7508472716156168,0.008458188554218888
frugalevo,0.283960585,0.7508472716156168,0.008458188554218888
frugalevo,0.28571923,0.7508472716156168,0.008458188554218888
frugalevo,0.28897145,0.7508472716156168,0.008458188554218888
frugalevo,0.2923246,0.7508472716156168,0.008458188554218888
frugalevo,0.293553725,0.7508472716156168,0.008458188554218888
frugalevo,0.29534847,0.7508472716156168,0.008458188554218888
frugalevo,0.297300345,0.7508472716156168,0.008458188554218888
frugalevo,0.30055442,0.7508472716156168,0.008458188554218888
frugalevo,0.310170745,0.7508472716156168,0.008458188554218888
frugalevo,0.31299994000000003,0.7508472716156168,0.008458188554218888
frugalevo,0.317760595,0.7508472716156168,0.008458188554218888
frugalevo,0.32052037499999997,0.7508472716156168,0.008458188554218888
frugalevo,0.321192495,0.7508472716156168,0.008458188554218888
frugalevo,0.323133795,0.7508472716156168,0.008458188554218888
frugalevo,0.325727375,0.7508472716156168,0.008458188554218888
frugalevo,0.327661545,0.7508472716156168,0.008458188554218888
frugalevo,0.32882522,0.7508472716156168,0.008458188554218888
frugalevo,0.330482815,0.7508472716156168,0.008458188554218888
frugalevo,0.33265343999999997,0.7508472716156168,0.008458188554218888
frugalevo,0.334612135,0.7508472716156168,0.008458188554218888
frugalevo,0.354690295,0.7528485427738724,0.00750613983211172
frugalevo,0.35748326999999996,0.7528485427738724,0.00750613983211172
frugalevo,0.35873072,0.7528485427738724,0.00750613983211172
frugalevo,0.36031963499999997,0.7528485427738724,0.00750613983211172
frugalevo,0.361475025,0.7528485427738724,0.00750613983211172
frugalevo,0.36263937999999996,0.7528485427738724,0.00750613983211172
frugalevo,0.363115075,0.7528485427738724,0.00750613983211172
frugalevo,0.364047505,0.7528485427738724,0.00750613983211172
frugalevo,0.3650835,0.7528485427738724,0.00750613983211172
frugalevo,0.366758685,0.7528485427738724,0.00750613983211172
frugalevo,0.36869871,0.7528485427738724,0.00750613983211172
frugalevo,0.37148095999999997,0.7528485427738724,0.00750613983211172
frugalevo,0.39388570999999994,0.7528485427738724,0.00750613983211172
frugalevo,0.39427436000000005,0.7528485427738724,0.00750613983211172
frugalevo,0.3969084299999999,0.7528485427738724,0.00750613983211172
frugalevo,0.39771459,0.7528485427738724,0.00750613983211172
frugalevo,0.4006468999999999,0.7528485427738724,0.00750613983211172
frugalevo,0.40068823,0.7528485427738724,0.00750613983211172
frugalevo,0.401247025,0.7528485427738724,0.00750613983211172
frugalevo,0.4032920499999999,0.7528485427738724,0.00750613983211172
frugalevo,0.403498935,0.7528485427738724,0.00750613983211172
frugalevo,0.404274855,0.7529546602415381,0.007671078388647256
frugalevo,0.40646669,0.7529546602415381,0.007671078388647256
frugalevo,0.406678475,0.7529546602415381,0.007671078388647256
frugalevo,0.409160645,0.7529546602415381,0.007671078388647256
frugalevo,0.436412975,0.7529546602415381,0.007671078388647256
frugalevo,0.43949395999999996,0.7529546602415381,0.007671078388647256
frugalevo,0.43983284999999994,0.7529726979121546,0.00769919932601456
frugalevo,0.44163674499999994,0.7529726979121546,0.00769919932601456
frugalevo,0.44235970499999994,0.7529726979121546,0.00769919932601456
frugalevo,0.442579175,0.7529726979121546,0.00769919932601456
frugalevo,0.443816165,0.7529726979121546,0.00769919932601456
frugalevo,0.4449697349999999,0.7529726979121546,0.00769919932601456
frugalevo,0.44603269,0.7529726979121546,0.00769919932601456
frugalevo,0.44624410999999997,0.7529768376342395,0.0077056565932060155
frugalevo,0.449073615,0.7529768376342395,0.0077056565932060155
frugalevo,0.44992120999999996,0.7529768376342395,0.0077056565932060155
frugalevo,0.45228262499999994,0.7529768376342395,0.0077056565932060155
frugalevo,0.47645863,0.7529768376342395,0.0077056565932060155
frugalevo,0.47886757999999996,0.7529768376342395,0.0077056565932060155
frugalevo,0.48206287999999997,0.7529768376342395,0.0077056565932060155
frugalevo,0.48235113500000004,0.7529768376342395,0.0077056565932060155
frugalevo,0.48514140499999997,0.7529768376342395,0.0077056565932060155
frugalevo,0.48528236,0.7529768376342395,0.0077056565932060155
frugalevo,0.488862565,0.7529768376342395,0.0077056565932060155
frugalevo,0.490236575,0.7571623922964159,0.014579448158439121
frugalevo,0.49215594500000004,0.7571623922964159,0.014579448158439121
frugalevo,0.4943812,0.7571623922964159,0.014579448158439121
frugalevo,0.49748286500000005,0.7579220341441356,0.015862895647999815
frugalevo,0.50080289,0.7579220341441356,0.015862895647999815
frugalevo,0.50331611,0.7579220341441356,0.015862895647999815
frugalevo,0.5162243799999999,0.7579220341441356,0.015862895647999815
frugalevo,0.51883163,0.7579220341441356,0.015862895647999815
frugalevo,0.52104648,0.7579220341441356,0.015862895647999815
frugalevo,0.5216883,0.7579220341441356,0.015862895647999815
frugalevo,0.525195305,0.7579220341441356,0.015862895647999815
frugalevo,0.525483975,0.7579220341441356,0.015862895647999815
frugalevo,0.52783391,0.7579220341441356,0.015862895647999815
frugalevo,0.530618485,0.7579220341441356,0.015862895647999815
frugalevo,0.54224016,0.7579220341441356,0.015862895647999815
frugalevo,0.54547731,0.7579220341441356,0.015862895647999815
frugalevo,0.55083301,0.7580750551009046,0.016122061085273025
frugalevo,0.55542666,0.7580750551009046,0.016122061085273025
frugalevo,0.55558368,0.7580750551009046,0.016122061085273025
frugalevo,0.55872941,0.7580750551009046,0.016122061085273025
frugalevo,0.56354509,0.75906071545077,0.015678417553678204
frugalevo,0.563675155,0.75906071545077,0.015678417553678204
frugalevo,0.5656761050000001,0.75906071545077,0.015678417553678204
frugalevo,0.5661491599999999,0.75906071545077,0.015678417553678204
frugalevo,0.5688303800000001,0.75906071545077,0.015678417553678204
frugalevo,0.5690007699999999,0.75906071545077,0.015678417553678204
frugalevo,0.57194543,0.75906071545077,0.015678417553678204
frugalevo,0.600622615,0.75906071545077,0.015678417553678204
frugalevo,0.60110066,0.75906071545077,0.015678417553678204
frugalevo,0.603253085,0.75906071545077,0.015678417553678204
frugalevo,0.604547905,0.75906071545077,0.015678417553678204
frugalevo,0.606125405,0.75906071545077,0.015678417553678204
frugalevo,0.60690176,0.7592752700159505,0.015604945453088884
frugalevo,0.6080850999999999,0.7592752700159505,0.015604945453088884
frugalevo,0.60937359,0.7592752700159505,0.015604945453088884
frugalevo,0.60997371,0.7592752700159505,0.015604945453088884
frugalevo,0.614121525,0.7592752700159505,0.015604945453088884
frugalevo,0.6144393,0.7592752700159505,0.015604945453088884
frugalevo,0.6169947849999999,0.7592752700159505,0.015604945453088884
frugalevo,0.641029215,0.7592752700159505,0.015604945453088884
frugalevo,0.6433224799999999,0.7592752700159505,0.015604945453088884
frugalevo,0.646244925,0.7592752700159505,0.015604945453088884
frugalevo,0.6496907249999999,0.7592752700159505,0.015604945453088884
frugalevo,0.649707525,0.7592752700159505,0.015604945453088884
frugalevo,0.65079135,0.7593886691320835,0.015569556291887846
frugalevo,0.65339126,0.7593886691320835,0.015569556291887846
frugalevo,0.65455935,0.7593886691320835,0.015569556291887846
frugalevo,0.656341885,0.7593886691320835,0.015569556291887846
frugalevo,0.65882853,0.7593886691320835,0.015569556291887846
frugalevo,0.659467955,0.7593886691320835,0.015569556291887846
frugalevo,0.6644474549999999,0.7593886691320835,0.015569556291887846
frugalevo,0.675397325,0.7593886691320835,0.015569556291887846
frugalevo,0.678501445,0.7593886691320835,0.015569556291887846
frugalevo,0.681209765,0.7593886691320835,0.015569556291887846
frugalevo,0.68390157,0.7593886691320835,0.015569556291887846
frugalevo,0.692926855,0.7593886691320835,0.015569556291887846
frugalevo,0.6959665899999999,0.7593886691320835,0.015569556291887846
frugalevo,0.698712695,0.7593886691320835,0.015569556291887846
frugalevo,0.7017870549999999,0.7593886691320835,0.015569556291887846
frugalevo,0.710870355,0.7593886691320835,0.015569556291887846
frugalevo,0.71431428,0.7593886691320835,0.015569556291887846
frugalevo,0.715234395,0.7593886691320835,0.015569556291887846
frugalevo,0.7177306800000001,0.7593886691320835,0.015569556291887846
frugalevo,0.7180617149999999,0.7593886691320835,0.015569556291887846
frugalevo,0.7203972999999999,0.7593886691320835,0.015569556291887846
frugalevo,0.7233449999999999,0.7593886691320835,0.015569556291887846
frugalevo,0.730657235,0.7593886691320835,0.015569556291887846
frugalevo,0.736624705,0.7593886691320835,0.015569556291887846
frugalevo,0.7394817149999999,0.7640571767305353,0.01624700346299597
frugalevo,0.748707115,0.7640571767305353,0.01624700346299597
frugalevo,0.7523870199999999,0.7640571767305353,0.01624700346299597
frugalevo,0.7553045749999999,0.7640571767305353,0.01624700346299597
frugalevo,0.7596833249999999,0.7640571767305353,0.01624700346299597
frugalevo,0.762221925,0.7640571767305353,0.01624700346299597
frugalevo,0.76415145,0.7640571767305353,0.01624700346299597
frugalevo,0.76838812,0.7640571767305353,0.01624700346299597
frugalevo,0.772194235,0.7640571767305353,0.01624700346299597
frugalevo,0.77558331,0.7640571767305353,0.01624700346299597
frugalevo,0.77913911,0.7679657545363994,0.021288016102535022
frugalevo,0.782474405,0.7679657545363994,0.021288016102535022
frugalevo,0.7858599799999999,0.7679657545363994,0.021288016102535022
frugalevo,0.7887534749999999,0.7679657545363994,0.021288016102535022
frugalevo,0.79100757,0.7679657545363994,0.021288016102535022
frugalevo,0.7946261699999999,0.7679657545363994,0.021288016102535022
frugalevo,0.797588895,0.7679657545363994,0.021288016102535022
frugalevo,0.802304245,0.7679657545363994,0.021288016102535022
frugalevo,0.805483065,0.7679657545363994,0.021288016102535022
frugalevo,0.807816535,0.7679657545363994,0.021288016102535022
frugalevo,0.81069158,0.7679657545363994,0.021288016102535022
frugalevo,0.8202421799999999,0.7712256063818206,0.026097764793298815
frugalevo,0.8234641399999999,0.7712256063818206,0.026097764793298815
frugalevo,0.8270727899999999,0.7712256063818206,0.026097764793298815
frugalevo,0.8305444,0.7712256063818206,0.026097764793298815
frugalevo,0.83496587,0.7712256063818206,0.026097764793298815
frugalevo,0.835458955,0.7712256063818206,0.026097764793298815
frugalevo,0.8373005200000001,0.7712256063818206,0.026097764793298815
frugalevo,0.8380923,0.7712256063818206,0.026097764793298815
frugalevo,0.84079444,0.7712256063818206,0.026097764793298815
frugalevo,0.84139451,0.7712256063818206,0.026097764793298815
frugalevo,0.843999905,0.7712256063818206,0.026097764793298815
frugalevo,0.8440971349999999,0.7712256063818206,0.026097764793298815
frugalevo,0.8680048,0.7712256063818206,0.026097764793298815
frugalevo,0.870893725,0.7712256063818206,0.026097764793298815
frugalevo,0.871075075,0.7712256063818206,0.026097764793298815
frugalevo,0.874601075,0.7712256063818206,0.026097764793298815
frugalevo,0.8746194599999999,0.7712256063818206,0.026097764793298815
frugalevo,0.877920825,0.7712256063818206,0.026097764793298815
frugalevo,0.88515521,0.7712256063818206,0.026097764793298815
frugalevo,0.889804885,0.7712256063818206,0.026097764793298815
frugalevo,0.893930195,0.7712256063818206,0.026097764793298815
frugalevo,0.89628455,0.7712256063818206,0.026097764793298815
frugalevo,0.9198154000000001,0.7712256063818206,0.026097764793298815
frugalevo,0.92291955,0.7712256063818206,0.026097764793298815
frugalevo,0.9271040500000001,0.7712256063818206,0.026097764793298815
frugalevo,0.930934085,0.7712256063818206,0.026097764793298815
frugalevo,0.93646838,0.7712256063818206,0.026097764793298815
frugalevo,0.9406882599999999,0.7712256063818206,0.026097764793298815
frugalevo,0.94435213,0.7712256063818206,0.026097764793298815
frugalevo,0.948042065,0.7712256063818206,0.026097764793298815
frugalevo,0.96535536,0.7712256063818206,0.026097764793298815
frugalevo,0.96761341,0.7712256063818206,0.026097764793298815
frugalevo,0.9714495349999999,0.7712256063818206,0.026097764793298815
frugalevo,0.9863269899999999,0.7712256063818206,0.026097764793298815
frugalevo,0.99046622,0.7712256063818206,0.026097764793298815
frugalevo,0.994255135,0.7712256063818206,0.026097764793298815
frugalevo,0.9976368999999999,0.7712256063818206,0.026097764793298815
frugalevo,1.007240485,0.7712256063818206,0.026097764793298815
frugalevo,1.011277285,0.7712256063818206,0.026097764793298815
frugalevo,1.01537891,0.7712256063818206,0.026097764793298815
frugalevo,1.0189661700000001,0.7712256063818206,0.026097764793298815
frugalevo,1.03048338,0.7712256063818206,0.026097764793298815
frugalevo,1.03295446,0.7712256063818206,0.026097764793298815
frugalevo,1.03706108,0.7712256063818206,0.026097764793298815
frugalevo,1.052959765,0.771403215376573,0.026369347639685636
frugalevo,1.05611503,0.771403298268417,0.02636947457488091
frugalevo,1.059021355,0.771403298268417,0.02636947457488091
frugalevo,1.06858133,0.771403298268417,0.02636947457488091
frugalevo,1.072859255,0.771403298268417,0.02636947457488091
frugalevo,1.11253973,0.771403298268417,0.02636947457488091
frugalevo,2.0,0.771403298268417,0.02636947457488091
adaevolve,0.0,0.4982536422541924,6.798699777552591e-17
adaevolve,0.009638299999999999,0.503618864004164,0.009292836664824219
adaevolve,0.00985515,0.503618864004164,0.009292836664824219
adaevolve,0.011152549999999999,0.503618864004164,0.009292836664824219
adaevolve,0.02325515,0.503618864004164,0.009292836664824219
adaevolve,0.025585049999999998,0.503618864004164,0.009292836664824219
adaevolve,0.0356104,0.503618864004164,0.009292836664824219
adaevolve,0.035940599999999996,0.503618864004164,0.009292836664824219
adaevolve,0.0374579,0.503618864004164,0.009292836664824219
adaevolve,0.0484276,0.503618864004164,0.009292836664824219
adaevolve,0.05054315,0.5135001304498968,0.026407692191959094
adaevolve,0.0515131,0.5332751075838402,0.031080838188830097
adaevolve,0.0616318,0.5385557321440319,0.022245625635086617
adaevolve,0.0663087,0.538996276828177,0.022419552143349643
adaevolve,0.068886,0.538996276828177,0.022419552143349643
adaevolve,0.07643175,0.5394510331814428,0.02166299588419343
adaevolve,0.083531,0.5394510331814428,0.02166299588419343
adaevolve,0.08503834999999998,0.5394510331814428,0.02166299588419343
adaevolve,0.0924199,0.5394510331814428,0.02166299588419343
adaevolve,0.10122754999999999,0.5394510331814428,0.02166299588419343
adaevolve,0.10363334999999999,0.5394510331814428,0.02166299588419343
adaevolve,0.11252704999999999,0.544870989530823,0.012935169784199483
adaevolve,0.11793769999999998,0.5464951195680285,0.01331893923073542
adaevolve,0.11871839999999999,0.5464951195680285,0.01331893923073542
adaevolve,0.13279785,0.5464951195680285,0.01331893923073542
adaevolve,0.13546835000000002,0.5467822751520163,0.013447009419249915
adaevolve,0.13788285,0.5467822751520163,0.013447009419249915
adaevolve,0.152488,0.5505554120303807,0.007282290467490703
adaevolve,0.1531863,0.5583639300699405,0.015732252391576905
adaevolve,0.15467920000000002,0.5624129327809221,0.016945421311545264
adaevolve,0.17168325,0.5624129327809221,0.016945421311545264
adaevolve,0.17264834999999998,0.5698682312883298,0.02484845416990925
adaevolve,0.17446555,0.5698682312883298,0.02484845416990925
adaevolve,0.1877192,0.5698682312883298,0.02484845416990925
adaevolve,0.1912904,0.5698682312883298,0.02484845416990925
adaevolve,0.19167275,0.5698682312883298,0.02484845416990925
adaevolve,0.20786175,0.5698682312883298,0.02484845416990925
adaevolve,0.2084889,0.5698682312883298,0.02484845416990925
adaevolve,0.21065855,0.5698682312883298,0.02484845416990925
adaevolve,0.22474034999999998,0.5767542349144524,0.029237749059323564
adaevolve,0.22742944999999998,0.5854419894669083,0.014232000436207093
adaevolve,0.2294037,0.5854419894669083,0.014232000436207093
adaevolve,0.24176939999999997,0.5854419894669083,0.014232000436207093
adaevolve,0.24655725,0.5854419894669083,0.014232000436207093
adaevolve,0.2483967,0.5854419894669083,0.014232000436207093
adaevolve,0.26645605,0.605219280194237,0.04207731080771089
adaevolve,0.2667044499999999,0.6081606976061357,0.03844152443377904
adaevolve,0.28129889999999996,0.6081606976061357,0.03844152443377904
adaevolve,0.286309,0.6081606976061357,0.03844152443377904
adaevolve,0.28641165,0.6093176668473507,0.03710561553097943
adaevolve,0.30371584999999995,0.6093176668473507,0.03710561553097943
adaevolve,0.30508165,0.6194921953949392,0.028899235910503644
adaevolve,0.3165653,0.6194921953949392,0.028899235910503644
adaevolve,0.3236928,0.6194921953949392,0.028899235910503644
adaevolve,0.33577209999999996,0.6194921953949392,0.028899235910503644
adaevolve,0.34043809999999997,0.6194921953949392,0.028899235910503644
adaevolve,0.34344484999999997,0.6251443295866511,0.028330667404649488
adaevolve,0.36324555,0.6251443295866511,0.028330667404649488
adaevolve,0.36430959999999996,0.6251443295866511,0.028330667404649488
adaevolve,0.37445344999999997,0.6251443295866511,0.028330667404649488
adaevolve,0.3840737,0.6307253589880016,0.030960859022090118
adaevolve,0.38468585,0.6307253589880016,0.030960859022090118
adaevolve,0.39378104999999997,0.6307253589880016,0.030960859022090118
adaevolve,0.39668139999999996,0.6313683212868121,0.03144115392424528
adaevolve,0.4067267,0.6313683212868121,0.03144115392424528
adaevolve,0.41630495,0.6558468406196777,0.011185587365927277
adaevolve,0.41636039999999996,0.6563992294038662,0.010596348944390668
adaevolve,0.43244119999999997,0.6623804222458455,0.011415845237083192
adaevolve,0.43672859999999997,0.6638642115845305,0.008847879059884052
adaevolve,0.4544435,0.6638642115845305,0.008847879059884052
adaevolve,0.45622565,0.6638642115845305,0.008847879059884052
adaevolve,0.45936259999999995,0.6638642115845305,0.008847879059884052
adaevolve,0.47684555,0.6638642115845305,0.008847879059884052
adaevolve,0.48135259999999996,0.6638642115845305,0.008847879059884052
adaevolve,0.4842437499999999,0.6638642115845305,0.008847879059884052
adaevolve,0.4967229999999999,0.6667263021157611,0.0039020796392712064
adaevolve,0.5018850499999999,0.6667263021157611,0.0039020796392712064
adaevolve,0.5168537499999999,0.6667263021157611,0.0039020796392712064
adaevolve,0.54142885,0.6667263021157611,0.0039020796392712064
adaevolve,0.5421003,0.6667263021157611,0.0039020796392712064
adaevolve,0.551855,0.6669338726233661,0.004062284414194669
adaevolve,0.5613286999999999,0.6717318494753938,0.004249930227850167
adaevolve,0.566524,0.6717318494753938,0.004249930227850167
adaevolve,0.57514275,0.6717318494753938,0.004249930227850167
adaevolve,0.5810877,0.6717318494753938,0.004249930227850167
adaevolve,0.59243365,0.6727733190265001,0.0037318765195035537
adaevolve,0.5960405499999999,0.6727733190265001,0.0037318765195035537
adaevolve,0.6059409499999999,0.6727733190265001,0.0037318765195035537
adaevolve,0.61711425,0.6727733190265001,0.0037318765195035537
adaevolve,0.61980505,0.6727733190265001,0.0037318765195035537
adaevolve,0.6246035499999999,0.6727733190265001,0.0037318765195035537
adaevolve,0.6367163499999999,0.6727733190265001,0.0037318765195035537
adaevolve,0.6449875,0.6727733190265001,0.0037318765195035537
adaevolve,0.6565475500000001,0.6727733190265001,0.0037318765195035537
adaevolve,0.657084,0.6727733190265001,0.0037318765195035537
adaevolve,0.6696027999999999,0.6727733190265001,0.0037318765195035537
adaevolve,0.6807868499999999,0.6730045633602666,0.003727157592283919
adaevolve,0.6820301499999999,0.6730045633602666,0.003727157592283919
adaevolve,0.6961282,0.6730045633602666,0.003727157592283919
adaevolve,0.7031847999999999,0.6760050983211304,0.00652121003989783
adaevolve,0.7202208,0.6760050983211304,0.00652121003989783
adaevolve,0.7265288,0.6760050983211304,0.00652121003989783
adaevolve,0.743146,0.6760050983211304,0.00652121003989783
adaevolve,0.7456960499999999,0.6760050983211304,0.00652121003989783
adaevolve,0.7499576499999999,0.6762030994166022,0.006805561717067863
adaevolve,0.7682285499999999,0.6762030994166022,0.006805561717067863
adaevolve,0.7707001499999999,0.6762030994166022,0.006805561717067863
adaevolve,0.7810126499999999,0.6762030994166022,0.006805561717067863
adaevolve,0.7911795500000001,0.6762030994166022,0.006805561717067863
adaevolve,0.80137225,0.6762030994166022,0.006805561717067863
adaevolve,0.8042211,0.6762030994166022,0.006805561717067863
adaevolve,0.8164374499999999,0.6762030994166022,0.006805561717067863
adaevolve,0.82604135,0.6762030994166022,0.006805561717067863
adaevolve,0.8325833499999999,0.6762030994166022,0.006805561717067863
adaevolve,0.8446094000000001,0.6762030994166022,0.006805561717067863
adaevolve,0.8480385,0.6762110626730552,0.006817110631104534
adaevolve,0.86072235,0.6762110626730552,0.006817110631104534
adaevolve,0.8742005500000001,0.6762110626730552,0.006817110631104534
adaevolve,0.8855041,0.6762110626730552,0.006817110631104534
adaevolve,0.8972164999999999,0.6762110626730552,0.006817110631104534
adaevolve,0.8974867,0.6762110626730552,0.006817110631104534
adaevolve,0.8980656499999999,0.6762110626730552,0.006817110631104534
adaevolve,0.9090245,0.6762110626730552,0.006817110631104534
adaevolve,0.92940385,0.6762110626730552,0.006817110631104534
adaevolve,0.92961075,0.6762110626730552,0.006817110631104534
adaevolve,0.93220165,0.6762110626730552,0.006817110631104534
adaevolve,0.94445,0.6762110626730552,0.006817110631104534
adaevolve,0.95543825,0.6762110626730552,0.006817110631104534
adaevolve,0.9559053999999999,0.6762110626730552,0.006817110631104534
adaevolve,0.976494,0.6762110626730552,0.006817110631104534
adaevolve,0.97737,0.6762110626730552,0.006817110631104534
adaevolve,0.9815155999999999,0.6762110626730552,0.006817110631104534
adaevolve,1.0055525,0.6762110626730552,0.006817110631104534
adaevolve,1.0065483499999999,0.6762110626730552,0.006817110631104534
adaevolve,1.0103533,0.6762110626730552,0.006817110631104534
adaevolve,1.0197219499999999,0.6762110626730552,0.006817110631104534
adaevolve,1.02995145,0.6762110626730552,0.006817110631104534
adaevolve,1.03398495,0.6762110626730552,0.006817110631104534
adaevolve,1.0459063499999999,0.6762110626730552,0.006817110631104534
adaevolve,1.0573953999999999,0.6762110626730552,0.006817110631104534
adaevolve,1.0578739,0.6762110626730552,0.006817110631104534
adaevolve,1.07315615,0.68312192992533,0.018068031657468547
adaevolve,1.08422865,0.68312192992533,0.018068031657468547
adaevolve,1.0899203499999999,0.68312192992533,0.018068031657468547
adaevolve,1.1073574499999999,0.68312192992533,0.018068031657468547
adaevolve,1.10942955,0.68312192992533,0.018068031657468547
adaevolve,1.1163627,0.68312192992533,0.018068031657468547
adaevolve,1.12294645,0.68312192992533,0.018068031657468547
adaevolve,1.1317543499999998,0.68312192992533,0.018068031657468547
adaevolve,1.1401564,0.68312192992533,0.018068031657468547
adaevolve,1.1402455,0.6907766487843642,0.03116178245141918
adaevolve,1.1442611999999999,0.6907766487843642,0.03116178245141918
adaevolve,1.1647332999999997,0.6907766487843642,0.03116178245141918
adaevolve,1.16721565,0.7009398672801076,0.029152236992967977
adaevolve,1.17089725,0.7009398672801076,0.029152236992967977
adaevolve,1.1846881999999999,0.7009398672801076,0.029152236992967977
adaevolve,1.1953869,0.7083640287362952,0.03395628142107247
adaevolve,1.20092765,0.7083640287362952,0.03395628142107247
adaevolve,1.21574045,0.7083640287362952,0.03395628142107247
adaevolve,1.2204225,0.7083640287362952,0.03395628142107247
adaevolve,1.2294920499999997,0.7083640287362952,0.03395628142107247
adaevolve,1.2414328,0.7083640287362952,0.03395628142107247
adaevolve,1.2489561,0.7083640287362952,0.03395628142107247
adaevolve,1.25190475,0.7083640287362952,0.03395628142107247
adaevolve,1.26392535,0.7083640287362952,0.03395628142107247
adaevolve,1.27058285,0.7083640287362952,0.03395628142107247
adaevolve,1.2714328000000001,0.7083640287362952,0.03395628142107247
adaevolve,1.2903851499999999,0.7083640287362952,0.03395628142107247
adaevolve,1.29372995,0.7083640287362952,0.03395628142107247
adaevolve,1.3114720500000001,0.7083640287362952,0.03395628142107247
adaevolve,1.31503305,0.7083640287362952,0.03395628142107247
adaevolve,1.3171728500000002,0.7083640287362952,0.03395628142107247
adaevolve,1.3400797,0.7083640287362952,0.03395628142107247
adaevolve,1.3401453499999998,0.7083640287362952,0.03395628142107247
adaevolve,1.3417376,0.7083640287362952,0.03395628142107247
adaevolve,1.3578301000000002,0.7083640287362952,0.03395628142107247
adaevolve,1.3586970499999997,0.7083640287362952,0.03395628142107247
adaevolve,1.3635187,0.7083640287362952,0.03395628142107247
adaevolve,1.3719440499999997,0.7083640287362952,0.03395628142107247
adaevolve,1.3737582,0.7083640287362952,0.03395628142107247
adaevolve,1.37979375,0.7083640287362952,0.03395628142107247
adaevolve,1.38887245,0.7083640287362952,0.03395628142107247
adaevolve,1.3908022,0.7083640287362952,0.03395628142107247
adaevolve,1.39528685,0.7083640287362952,0.03395628142107247
adaevolve,1.40610595,0.7119482868800994,0.027755088197738132
adaevolve,1.41587205,0.7119482868800994,0.027755088197738132
adaevolve,1.4293699,0.7119482868800994,0.027755088197738132
adaevolve,1.42949285,0.7119482868800994,0.027755088197738132
adaevolve,1.4351091,0.7119482868800994,0.027755088197738132
adaevolve,1.44473905,0.7194133531739432,0.035544968271061926
adaevolve,1.46892695,0.7194133531739432,0.035544968271061926
adaevolve,1.4698508499999998,0.7194133531739432,0.035544968271061926
adaevolve,1.4768487999999997,0.7194133531739432,0.035544968271061926
adaevolve,1.49369125,0.7194133531739432,0.035544968271061926
adaevolve,1.49955325,0.7194133531739432,0.035544968271061926
adaevolve,1.50888045,0.7194133531739432,0.035544968271061926
adaevolve,1.5149860499999999,0.720937355224344,0.036277720799648396
adaevolve,1.52216325,0.720937355224344,0.036277720799648396
adaevolve,1.53165145,0.720937355224344,0.036277720799648396
adaevolve,1.54357065,0.720937355224344,0.036277720799648396
adaevolve,1.5444355,0.720937355224344,0.036277720799648396
adaevolve,1.5461575,0.720937355224344,0.036277720799648396
adaevolve,1.5706915499999998,0.720937355224344,0.036277720799648396
adaevolve,1.5788186999999998,0.720937355224344,0.036277720799648396
adaevolve,1.58167855,0.720937355224344,0.036277720799648396
adaevolve,1.5929023,0.720937355224344,0.036277720799648396
adaevolve,1.6072639,0.720937355224344,0.036277720799648396
adaevolve,1.6106497999999998,0.720937355224344,0.036277720799648396
adaevolve,1.6430966999999999,0.720937355224344,0.036277720799648396
adaevolve,1.6441145999999998,0.7365887037316531,0.05799795926593942
adaevolve,1.6577338,0.7365887037316531,0.05799795926593942
adaevolve,1.6740346,0.7365887037316531,0.05799795926593942
adaevolve,1.6830409,0.7365887037316531,0.05799795926593942
adaevolve,1.68884265,0.7365887037316531,0.05799795926593942
adaevolve,1.6994535,0.7365887037316531,0.05799795926593942
adaevolve,1.69994845,0.7365887037316531,0.05799795926593942
adaevolve,1.72764235,0.7365887037316531,0.05799795926593942
adaevolve,1.7327253999999999,0.7365887037316531,0.05799795926593942
adaevolve,1.76407725,0.7365887037316531,0.05799795926593942
adaevolve,1.7671639,0.7384461036039559,0.055303463409185794
adaevolve,1.7959445,0.7384461036039559,0.055303463409185794
adaevolve,1.8207790999999998,0.7384461036039559,0.055303463409185794
adaevolve,1.85549495,0.7384461036039559,0.055303463409185794
adaevolve,1.8807824499999999,0.7388578503313507,0.055945419607995275
adaevolve,1.9062249,0.7388578503313507,0.055945419607995275
adaevolve,1.9248162,0.7388578503313507,0.055945419607995275
adaevolve,1.9315878999999998,0.7388578503313507,0.055945419607995275
adaevolve,1.9406621,0.7388578503313507,0.055945419607995275
adaevolve,1.947756,0.7388578503313507,0.055945419607995275
adaevolve,1.95718895,0.7388578503313507,0.055945419607995275
adaevolve,1.9716033499999999,0.7388578503313507,0.055945419607995275
adaevolve,1.9741800499999997,0.7511855425240158,0.04016264767079435
adaevolve,1.9986346,0.7511855425240158,0.04016264767079435
adaevolve,2.0,0.7511855425240158,0.04016264767079435
evox,0.0,0.4982536422541924,6.798699777552591e-17
evox,0.0031194499999999997,0.4982536422541924,6.798699777552591e-17
evox,0.00431496,0.4982536422541924,6.798699777552591e-17
evox,0.00492876,0.4982536422541924,6.798699777552591e-17
evox,0.010277399999999999,0.5405007729754633,0.07317417688324496
evox,0.01624653,0.5542589998929994,0.06464201229115242
evox,0.0211416,0.5768821946294201,0.10254190277696074
evox,0.024241931999999997,0.5768821946294201,0.10254190277696074
evox,0.027112409999999997,0.5808467745534497,0.10058686931445016
evox,0.03429645,0.5808467745534497,0.10058686931445016
evox,0.04012308,0.5808467745534497,0.10058686931445016
evox,0.048680388,0.5960550037057568,0.08392438938167954
evox,0.050591899999999995,0.5960550037057568,0.08392438938167954
evox,0.058237830000000004,0.5965535610872731,0.08353018954247712
evox,0.061204284,0.5965535610872731,0.08353018954247712
evox,0.07082105,0.5965535610872731,0.08353018954247712
evox,0.078158736,0.6059348831775766,0.07588695699739952
evox,0.07963416,0.6059348831775766,0.07588695699739952
evox,0.09298575,0.6059348831775766,0.07588695699739952
evox,0.09900176399999999,0.6059348831775766,0.07588695699739952
evox,0.10084599000000001,0.6059348831775766,0.07588695699739952
evox,0.11235695,0.6059348831775766,0.07588695699739952
evox,0.12122055,0.6059348831775766,0.07588695699739952
evox,0.122118912,0.6059348831775766,0.07588695699739952
evox,0.134352,0.6059348831775766,0.07588695699739952
evox,0.14196815999999998,0.6077721227200937,0.07400500649363492
evox,0.143505522,0.6077721227200937,0.07400500649363492
evox,0.15265025,0.6077721227200937,0.07400500649363492
evox,0.16153461,0.6077721227200937,0.07400500649363492
evox,0.164826702,0.6077721227200937,0.07400500649363492
evox,0.17338175,0.6077721227200937,0.07400500649363492
evox,0.182113992,0.6077721227200937,0.07400500649363492
evox,0.185691672,0.6077721227200937,0.07400500649363492
evox,0.19367979999999999,0.6077721227200937,0.07400500649363492
evox,0.20336443199999998,0.6077721227200937,0.07400500649363492
evox,0.209069874,0.6092412801465205,0.07297705040913006
evox,0.230207886,0.6092412801465205,0.07297705040913006
evox,0.23099784999999998,0.6092412801465205,0.07297705040913006
evox,0.24015,0.6092412801465205,0.07297705040913006
evox,0.245840742,0.6092412801465205,0.07297705040913006
evox,0.25232025,0.6092412801465205,0.07297705040913006
evox,0.254476548,0.6093470798895623,0.07290589220765896
evox,0.255586302,0.6101938728132046,0.07202825998415395
evox,0.2633958,0.6101938728132046,0.07202825998415395
evox,0.27766985,0.6101938728132046,0.07202825998415395
evox,0.28262194199999996,0.6429078151805411,0.05973055366248376
evox,0.315424152,0.6429078151805411,0.05973055366248376
evox,0.338866542,0.645221911547365,0.06079717047764879
evox,0.36901537199999995,0.645221911547365,0.06079717047764879
evox,0.379433502,0.6477456299594033,0.06223444374135339
evox,0.39487705,0.6477456299594033,0.06223444374135339
evox,0.39683944800000004,0.6477456299594033,0.06223444374135339
evox,0.397507572,0.6477456299594033,0.06223444374135339
evox,0.40843537199999996,0.6483280299091755,0.06260479350357975
evox,0.4121743,0.6496638874237896,0.06405620442757227
evox,0.433591092,0.6496638874237896,0.06405620442757227
evox,0.4336520219999999,0.6496638874237896,0.06405620442757227
evox,0.43395564999999997,0.6496638874237896,0.06405620442757227
evox,0.448269282,0.6510019484817583,0.06489812662576062
evox,0.45410507999999994,0.6513193208285727,0.06435347521957606
evox,0.45723909999999995,0.6513193208285727,0.06435347521957606
evox,0.468899532,0.6513193208285727,0.06435347521957606
evox,0.47383857,0.6513193208285727,0.06435347521957606
evox,0.47797544999999997,0.6513193208285727,0.06435347521957606
evox,0.49015755,0.6515240370183709,0.0640022019857182
evox,0.49943439999999995,0.6515240370183709,0.0640022019857182
evox,0.49986466199999996,0.653685785385264,0.06550569549939697
evox,0.518124222,0.653685785385264,0.06550569549939697
evox,0.52819585,0.653685785385264,0.06550569549939697
evox,0.5389552999999999,0.653685785385264,0.06550569549939697
evox,0.539017668,0.653685785385264,0.06550569549939697
evox,0.55474535,0.653685785385264,0.06550569549939697
evox,0.559812114,0.653685785385264,0.06550569549939697
evox,0.57583325,0.6538848137080208,0.06570312727266372
evox,0.58136256,0.6538848137080208,0.06570312727266372
evox,0.5850329000000001,0.6538848137080208,0.06570312727266372
evox,0.5988310499999999,0.6538848137080208,0.06570312727266372
evox,0.602707086,0.6538848137080208,0.06570312727266372
evox,0.6184041479999999,0.6604651173700027,0.07126186235774683
evox,0.61971855,0.6604651173700027,0.07126186235774683
evox,0.6313980499999999,0.6604651173700027,0.07126186235774683
evox,0.63365301,0.6604651173700027,0.07126186235774683
evox,0.6445017,0.6604651173700027,0.07126186235774683
evox,0.6498485279999999,0.6604651173700027,0.07126186235774683
evox,0.652815666,0.6604651173700027,0.07126186235774683
evox,0.66536025,0.6607570850574028,0.07149070441719094
evox,0.674377146,0.6607570850574028,0.07149070441719094
evox,0.680419674,0.6607964321310823,0.07152775871965636
evox,0.692669304,0.6607964321310823,0.07152775871965636
evox,0.69835085,0.6607964321310823,0.07152775871965636
evox,0.7063920899999999,0.6607964321310823,0.07152775871965636
evox,0.714636594,0.6609976879407423,0.07117964056456547
evox,0.71747982,0.6621699098963668,0.07230473390122168
evox,0.7181726499999999,0.6621699098963668,0.07230473390122168
evox,0.7294165199999999,0.6621699098963668,0.07230473390122168
evox,0.735379182,0.6621699098963668,0.07230473390122168
evox,0.73748547,0.6621699098963668,0.07230473390122168
evox,0.7381162,0.6621699098963668,0.07230473390122168
evox,0.7563543660000001,0.6621699098963668,0.07230473390122168
evox,0.75749481,0.6621699098963668,0.07230473390122168
evox,0.7597821499999999,0.6621699098963668,0.07230473390122168
evox,0.7749914760000001,0.6621699098963668,0.07230473390122168
evox,0.7798111999999999,0.6621699098963668,0.07230473390122168
evox,0.80044275,0.6621699098963668,0.07230473390122168
evox,0.800473356,0.6621699098963668,0.07230473390122168
evox,0.82100375,0.6621699098963668,0.07230473390122168
evox,0.8365415039999999,0.6621699098963668,0.07230473390122168
evox,0.84159675,0.6621699098963668,0.07230473390122168
evox,0.847248174,0.6621699098963668,0.07230473390122168
evox,0.85994665,0.6631139501384308,0.07302808302589663
evox,0.865403964,0.6631139501384308,0.07302808302589663
evox,0.8759301839999999,0.6631139501384308,0.07302808302589663
evox,0.87895825,0.6631139501384308,0.07302808302589663
evox,0.89522298,0.6631139501384308,0.07302808302589663
evox,0.906129,0.6631139501384308,0.07302808302589663
evox,0.9109654,0.6631139501384308,0.07302808302589663
evox,0.911836404,0.6631139501384308,0.07302808302589663
evox,0.9258639120000001,0.6631139501384308,0.07302808302589663
evox,0.92859035,0.6631139501384308,0.07302808302589663
evox,0.934722954,0.6631139501384308,0.07302808302589663
evox,0.9452988539999999,0.6631139501384308,0.07302808302589663
evox,0.9479452999999999,0.6631139501384308,0.07302808302589663
evox,0.952900128,0.6728328078479667,0.05622793619545955
evox,0.9633329639999999,0.6728328078479667,0.05622793619545955
evox,0.9675148499999999,0.6728328078479667,0.05622793619545955
evox,0.9770556779999999,0.6744124642972219,0.05349930536255439
evox,0.97756974,0.6744124642972219,0.05349930536255439
evox,0.98821215,0.6744124642972219,0.05349930536255439
evox,1.004130378,0.6744124642972219,0.05349930536255439
evox,1.0101746999999999,0.6744124642972219,0.05349930536255439
evox,1.028741436,0.6769085146267481,0.0491894141267465
evox,1.0289590499999999,0.6769085146267481,0.0491894141267465
evox,1.0473597499999998,0.6769085146267481,0.0491894141267465
evox,1.0511006219999999,0.6769085146267481,0.0491894141267465
evox,1.054982484,0.6789579781048536,0.0456525312613687
evox,1.0601476920000001,0.6789579781048536,0.0456525312613687
evox,1.0669231499999998,0.6789579781048536,0.0456525312613687
evox,1.070986698,0.6789579781048536,0.0456525312613687
evox,1.081014768,0.6789579781048536,0.0456525312613687
evox,1.082319552,0.6789579781048536,0.0456525312613687
evox,1.0875344,0.6789579781048536,0.0456525312613687
evox,1.097552358,0.6789579781048536,0.0456525312613687
evox,1.110505698,0.6789579781048536,0.0456525312613687
evox,1.110518532,0.6789579781048536,0.0456525312613687
evox,1.121366538,0.6789579781048536,0.0456525312613687
evox,1.1302688879999998,0.6789579781048536,0.0456525312613687
evox,1.1435601599999998,0.6891174129988903,0.02816771198272546
evox,1.151026704,0.6891174129988903,0.02816771198272546
evox,1.16111125,0.6891174129988903,0.02816771198272546
evox,1.163905596,0.6891174129988903,0.02816771198272546
evox,1.1696897699999997,0.6891174129988903,0.02816771198272546
evox,1.17402205,0.6891174129988903,0.02816771198272546
evox,1.19422,0.6893476442057097,0.028317992593628192
evox,1.1949320700000001,0.6893476442057097,0.028317992593628192
evox,1.2166264,0.6893476442057097,0.028317992593628192
evox,1.2193205219999999,0.6893476442057097,0.028317992593628192
evox,1.240134,0.6893476442057097,0.028317992593628192
evox,1.2445201619999997,0.6893476442057097,0.028317992593628192
evox,1.2473268,0.6893476442057097,0.028317992593628192
evox,1.248335262,0.6893476442057097,0.028317992593628192
evox,1.266088572,0.6893476442057097,0.028317992593628192
evox,1.26740975,0.6893476442057097,0.028317992593628192
evox,1.274178222,0.6893476442057097,0.028317992593628192
evox,1.2893833499999998,0.6893476442057097,0.028317992593628192
evox,1.2894368219999999,0.6893476442057097,0.028317992593628192
evox,1.3062906719999998,0.6893476442057097,0.028317992593628192
evox,1.31239705,0.6893476442057097,0.028317992593628192
evox,1.32146375,0.6893476442057097,0.028317992593628192
evox,1.321852842,0.6894823377653014,0.028460573047739114
evox,1.3328123219999999,0.6894823377653014,0.028460573047739114
evox,1.344371022,0.6894823377653014,0.028460573047739114
evox,1.3566461579999998,0.6917381943202948,0.024595819871461592
evox,1.374665544,0.6917381943202948,0.024595819871461592
evox,1.37467095,0.6917381943202948,0.024595819871461592
evox,1.3915425959999999,0.7012633103339417,0.008706225333388742
evox,1.3969782,0.7012633103339417,0.008706225333388742
evox,1.4065032960000001,0.7025373609097832,0.010617374565887051
evox,1.41497565,0.7025373609097832,0.010617374565887051
evox,1.416247794,0.7025373609097832,0.010617374565887051
evox,1.428921396,0.7025373609097832,0.010617374565887051
evox,1.4353025,0.7025373609097832,0.010617374565887051
evox,1.440142614,0.7025373609097832,0.010617374565887051
evox,1.4556172,0.7025373609097832,0.010617374565887051
evox,1.461228804,0.7025373609097832,0.010617374565887051
evox,1.4679020879999998,0.7025373609097832,0.010617374565887051
evox,1.4767393999999998,0.7025373609097832,0.010617374565887051
evox,1.4831523999999998,0.7025373609097832,0.010617374565887051
evox,1.484457372,0.7026513006910869,0.010452663783144236
evox,1.49072985,0.7026513006910869,0.010452663783144236
evox,1.5045195,0.7026513006910869,0.010452663783144236
evox,1.5113832120000001,0.7026513006910869,0.010452663783144236
evox,1.5270378999999998,0.7026513006910869,0.010452663783144236
evox,1.542676032,0.7026513006910869,0.010452663783144236
evox,1.54654965,0.7026513006910869,0.010452663783144236
evox,1.556735598,0.7026513006910869,0.010452663783144236
evox,1.565089632,0.7031993548487953,0.009677477204875513
evox,1.5658788959999999,0.7031993548487953,0.009677477204875513
evox,1.5768391679999998,0.7031993548487953,0.009677477204875513
evox,1.585971828,0.7031993548487953,0.009677477204875513
evox,1.58954823,0.7031993548487953,0.009677477204875513
evox,1.607669568,0.7031993548487953,0.009677477204875513
evox,1.609547,0.7046342450800046,0.009700475400956988
evox,1.6174297260000001,0.7046342450800046,0.009700475400956988
evox,1.6180390799999997,0.7046342450800046,0.009700475400956988
evox,1.626121836,0.7046342450800046,0.009700475400956988
evox,1.6315915499999998,0.7046342450800046,0.009700475400956988
evox,1.642330692,0.7057189742143789,0.011242508391495539
evox,1.65442655,0.7057189742143789,0.011242508391495539
evox,1.6619286239999997,0.7057189742143789,0.011242508391495539
evox,1.6619966099999999,0.7057189742143789,0.011242508391495539
evox,1.671358446,0.7057189742143789,0.011242508391495539
evox,1.67685815,0.7057189742143789,0.011242508391495539
evox,1.69103925,0.7057189742143789,0.011242508391495539
evox,1.69852345,0.7057189742143789,0.011242508391495539
evox,1.71640044,0.7057189742143789,0.011242508391495539
evox,1.7311812,0.7057189742143789,0.011242508391495539
evox,1.74155775,0.7057189742143789,0.011242508391495539
evox,1.74364074,0.7057189742143789,0.011242508391495539
evox,1.7472523679999998,0.7057189742143789,0.011242508391495539
evox,1.7641863999999998,0.7057189742143789,0.011242508391495539
evox,1.766338416,0.7057189742143789,0.011242508391495539
evox,1.7825281379999998,0.7057189742143789,0.011242508391495539
evox,1.7853206,0.7057189742143789,0.011242508391495539
evox,1.789249626,0.7057189742143789,0.011242508391495539
evox,1.7987269680000002,0.7057189742143789,0.011242508391495539
evox,1.8064317499999998,0.7057189742143789,0.011242508391495539
evox,1.8086672159999997,0.7057189742143789,0.011242508391495539
evox,1.8208743840000001,0.7057189742143789,0.011242508391495539
evox,1.834927254,0.7057189742143789,0.011242508391495539
evox,1.8401957459999998,0.7057189742143789,0.011242508391495539
evox,1.8501868259999998,0.7057189742143789,0.011242508391495539
evox,1.861276392,0.7057189742143789,0.011242508391495539
evox,1.8658549,0.7057189742143789,0.011242508391495539
evox,1.8717287759999999,0.7057189742143789,0.011242508391495539
evox,1.88942925,0.7057189742143789,0.011242508391495539
evox,1.891493172,0.7062363889759197,0.010459664015104442
evox,1.894556412,0.7062363889759197,0.010459664015104442
evox,1.9032115139999999,0.7062363889759197,0.010459664015104442
evox,1.91141525,0.7062363889759197,0.010459664015104442
evox,1.920050262,0.7063486760257055,0.010292216682950769
evox,1.93347025,0.7063486760257055,0.010292216682950769
evox,1.9557022,0.7063486760257055,0.010292216682950769
evox,1.9582151399999999,0.7063486760257055,0.010292216682950769
evox,1.9763061499999999,0.7063486760257055,0.010292216682950769
evox,1.977494652,0.7063515262989642,0.010287978611272376
evox,1.980820926,0.7063515262989642,0.010287978611272376
evox,1.9954814580000002,0.7063515262989642,0.010287978611272376
evox,1.9992841499999998,0.7063515262989642,0.010287978611272376
evox,2.0,0.7063515262989642,0.010287978611272376
openevolve_native,0.0,0.4982536422541924,6.798699777552591e-17
openevolve_native,0.00828775,0.5068237319126557,0.014843830713879147
openevolve_native,0.01849565,0.5162300318478392,0.015618458447536862
openevolve_native,0.0189519,0.5163994560434314,0.01574653221603945
openevolve_native,0.022353,0.5188235113269736,0.011559500054666936
openevolve_native,0.02696525,0.534148962685521,0.034494999128116
openevolve_native,0.0284139,0.534148962685521,0.034494999128116
openevolve_native,0.03547395,0.5380568402431444,0.030002535486553888
openevolve_native,0.0391208,0.5380568402431444,0.030002535486553888
openevolve_native,0.041827149999999994,0.5380568402431444,0.030002535486553888
openevolve_native,0.04753589999999999,0.5380568402431444,0.030002535486553888
openevolve_native,0.04778735,0.5380568402431444,0.030002535486553888
openevolve_native,0.057702149999999994,0.5404989051226395,0.027669552216186385
openevolve_native,0.059105649999999996,0.5486287721779631,0.041750878708276144
openevolve_native,0.06676725,0.5486287721779631,0.041750878708276144
openevolve_native,0.07794975,0.5486287721779631,0.041750878708276144
openevolve_native,0.078902,0.6041867277658188,0.0835279783675822
openevolve_native,0.08854719999999999,0.6041939753039676,0.08351761715033007
openevolve_native,0.0972831,0.6041939753039676,0.08351761715033007
openevolve_native,0.09996365,0.6041939753039676,0.08351761715033007
openevolve_native,0.10074775,0.6041939753039676,0.08351761715033007
openevolve_native,0.10874609999999998,0.6045343412498927,0.0840495478718054
openevolve_native,0.10991354999999998,0.6045343412498927,0.0840495478718054
openevolve_native,0.11797769999999998,0.6045343412498927,0.0840495478718054
openevolve_native,0.11875984999999999,0.6049625996858359,0.08399398361216585
openevolve_native,0.1190624,0.610743251890634,0.07590485436076104
openevolve_native,0.12940425,0.610743251890634,0.07590485436076104
openevolve_native,0.13822775,0.610743251890634,0.07590485436076104
openevolve_native,0.13830135000000002,0.610743251890634,0.07590485436076104
openevolve_native,0.1504883,0.610743251890634,0.07590485436076104
openevolve_native,0.15108219999999997,0.610743251890634,0.07590485436076104
openevolve_native,0.15616755,0.610743251890634,0.07590485436076104
openevolve_native,0.16249355,0.610743251890634,0.07590485436076104
openevolve_native,0.16539115,0.610743251890634,0.07590485436076104
openevolve_native,0.17519485,0.610743251890634,0.07590485436076104
openevolve_native,0.1757111,0.610743251890634,0.07590485436076104
openevolve_native,0.18281704999999998,0.6132594696578466,0.07253388211038145
openevolve_native,0.1870536,0.6132594696578466,0.07253388211038145
openevolve_native,0.18840244999999997,0.6136284063423932,0.07313623048117195
openevolve_native,0.190509,0.6174714660882552,0.06821824648558232
openevolve_native,0.19806169999999998,0.6174714660882552,0.06821824648558232
openevolve_native,0.1980795,0.6174714660882552,0.06821824648558232
openevolve_native,0.20148819999999998,0.6174714660882552,0.06821824648558232
openevolve_native,0.20805309999999996,0.6174714660882552,0.06821824648558232
openevolve_native,0.2168077,0.6174714660882552,0.06821824648558232
openevolve_native,0.22046609999999997,0.6174714660882552,0.06821824648558232
openevolve_native,0.22992409999999996,0.6174714660882552,0.06821824648558232
openevolve_native,0.23240919999999998,0.6174714660882552,0.06821824648558232
openevolve_native,0.23892794999999997,0.6174714660882552,0.06821824648558232
openevolve_native,0.2400743,0.6174714660882552,0.06821824648558232
openevolve_native,0.24234429999999998,0.6367008803642151,0.06816800561888084
openevolve_native,0.25620065,0.6367008803642151,0.06816800561888084
openevolve_native,0.26150585,0.6367008803642151,0.06816800561888084
openevolve_native,0.26573939999999996,0.6367008803642151,0.06816800561888084
openevolve_native,0.27658615,0.6367008803642151,0.06816800561888084
openevolve_native,0.27693855,0.6367008803642151,0.06816800561888084
openevolve_native,0.284218,0.6379756799487981,0.06977184490471032
openevolve_native,0.28763455,0.6379756799487981,0.06977184490471032
openevolve_native,0.29565545,0.6379756799487981,0.06977184490471032
openevolve_native,0.2984031,0.6379756799487981,0.06977184490471032
openevolve_native,0.30707425,0.6379756799487981,0.06977184490471032
openevolve_native,0.30787909999999996,0.6379756799487981,0.06977184490471032
openevolve_native,0.3143522,0.6379756799487981,0.06977184490471032
openevolve_native,0.31909745,0.6379756799487981,0.06977184490471032
openevolve_native,0.3217933,0.6379756799487981,0.06977184490471032
openevolve_native,0.32461025,0.6379756799487981,0.06977184490471032
openevolve_native,0.3373277,0.6379756799487981,0.06977184490471032
openevolve_native,0.3411608,0.6379756799487981,0.06977184490471032
openevolve_native,0.34319625,0.6379756799487981,0.06977184490471032
openevolve_native,0.35623659999999996,0.6379756799487981,0.06977184490471032
openevolve_native,0.36327455,0.6379756799487981,0.06977184490471032
openevolve_native,0.3648163,0.6379756799487981,0.06977184490471032
openevolve_native,0.3721845,0.6379756799487981,0.06977184490471032
openevolve_native,0.37474994999999994,0.6379756799487981,0.06977184490471032
openevolve_native,0.37563135,0.6379756799487981,0.06977184490471032
openevolve_native,0.38171859999999996,0.6379756799487981,0.06977184490471032
openevolve_native,0.39422619999999997,0.6379756799487981,0.06977184490471032
openevolve_native,0.39474095,0.6379756799487981,0.06977184490471032
openevolve_native,0.39581875,0.6390509381331313,0.06799505915714217
openevolve_native,0.40622669999999994,0.6390509381331313,0.06799505915714217
openevolve_native,0.40796989999999994,0.6390509381331313,0.06799505915714217
openevolve_native,0.41513805,0.6390509381331313,0.06799505915714217
openevolve_native,0.41885364999999997,0.6390509381331313,0.06799505915714217
openevolve_native,0.42892365,0.6390509381331313,0.06799505915714217
openevolve_native,0.43414585,0.6390509381331313,0.06799505915714217
openevolve_native,0.44211095,0.6390509381331313,0.06799505915714217
openevolve_native,0.45140004999999994,0.6390509381331313,0.06799505915714217
openevolve_native,0.4536043,0.6390509381331313,0.06799505915714217
openevolve_native,0.4552978,0.6390509381331313,0.06799505915714217
openevolve_native,0.46757769999999993,0.6390509381331313,0.06799505915714217
openevolve_native,0.47167509999999996,0.6390509381331313,0.06799505915714217
openevolve_native,0.47267384999999995,0.6390509381331313,0.06799505915714217
openevolve_native,0.4776913,0.6418755823010415,0.07168789176151172
openevolve_native,0.49062939999999994,0.6418755823010415,0.07168789176151172
openevolve_native,0.4910377,0.6418755823010415,0.07168789176151172
openevolve_native,0.50026975,0.6418755823010415,0.07168789176151172
openevolve_native,0.50177745,0.6418755823010415,0.07168789176151172
openevolve_native,0.5128197499999999,0.6422534117691109,0.07180096314912875
openevolve_native,0.5223513999999999,0.6422534117691109,0.07180096314912875
openevolve_native,0.52360305,0.6422534117691109,0.07180096314912875
openevolve_native,0.53044415,0.6422534117691109,0.07180096314912875
openevolve_native,0.5360068,0.6422534117691109,0.07180096314912875
openevolve_native,0.5448276,0.6422534117691109,0.07180096314912875
openevolve_native,0.5454116499999999,0.6425876675902721,0.07125648832804961
openevolve_native,0.55814175,0.6425876675902721,0.07125648832804961
openevolve_native,0.56197005,0.6425876675902721,0.07125648832804961
openevolve_native,0.5832528,0.6425876675902721,0.07125648832804961
openevolve_native,0.5833392,0.6425876675902721,0.07125648832804961
openevolve_native,0.60443685,0.6425876675902721,0.07125648832804961
openevolve_native,0.6059383,0.6425876675902721,0.07125648832804961
openevolve_native,0.6269676,0.6425876675902721,0.07125648832804961
openevolve_native,0.6274987,0.6425876675902721,0.07125648832804961
openevolve_native,0.6403193999999999,0.6425876675902721,0.07125648832804961
openevolve_native,0.6454879499999999,0.6425876675902721,0.07125648832804961
openevolve_native,0.64678675,0.6425876675902721,0.07125648832804961
openevolve_native,0.65895885,0.6447264808136609,0.07413061258993725
openevolve_native,0.65922695,0.6447264808136609,0.07413061258993725
openevolve_native,0.66771365,0.6447264808136609,0.07413061258993725
openevolve_native,0.6680153,0.6465799813576045,0.07115968771366035
openevolve_native,0.68253025,0.6465799813576045,0.07115968771366035
openevolve_native,0.6885262,0.6465799813576045,0.07115968771366035
openevolve_native,0.6890917999999999,0.6465799813576045,0.07115968771366035
openevolve_native,0.70436235,0.6465799813576045,0.07115968771366035
openevolve_native,0.70694,0.6465799813576045,0.07115968771366035
openevolve_native,0.7107412999999999,0.6465799813576045,0.07115968771366035
openevolve_native,0.7158063499999999,0.6465799813576045,0.07115968771366035
openevolve_native,0.718932,0.6465799813576045,0.07115968771366035
openevolve_native,0.72816735,0.6465799813576045,0.07115968771366035
openevolve_native,0.729193,0.6465799813576045,0.07115968771366035
openevolve_native,0.73904765,0.6465799813576045,0.07115968771366035
openevolve_native,0.7492374999999999,0.6465799813576045,0.07115968771366035
openevolve_native,0.75169205,0.6465799813576045,0.07115968771366035
openevolve_native,0.7638322,0.6465799813576045,0.07115968771366035
openevolve_native,0.7682037999999999,0.6465799813576045,0.07115968771366035
openevolve_native,0.7721346,0.6465799813576045,0.07115968771366035
openevolve_native,0.7853042,0.6465799813576045,0.07115968771366035
openevolve_native,0.7884222,0.6465799813576045,0.07115968771366035
openevolve_native,0.7935773499999998,0.6465799813576045,0.07115968771366035
openevolve_native,0.8038053,0.6465799813576045,0.07115968771366035
openevolve_native,0.80789535,0.6465799813576045,0.07115968771366035
openevolve_native,0.81378485,0.6465799813576045,0.07115968771366035
openevolve_native,0.8240678499999999,0.6465799813576045,0.07115968771366035
openevolve_native,0.8268795999999999,0.6465799813576045,0.07115968771366035
openevolve_native,0.8283621,0.6465799813576045,0.07115968771366035
openevolve_native,0.8453416,0.6465799813576045,0.07115968771366035
openevolve_native,0.84665435,0.6465799813576045,0.07115968771366035
openevolve_native,0.84715675,0.6465799813576045,0.07115968771366035
openevolve_native,0.86569685,0.6465799813576045,0.07115968771366035
openevolve_native,0.8677220499999999,0.6465799813576045,0.07115968771366035
openevolve_native,0.86787255,0.6465799813576045,0.07115968771366035
openevolve_native,0.88824805,0.6465799813576045,0.07115968771366035
openevolve_native,0.88830535,0.6465799813576045,0.07115968771366035
openevolve_native,0.88881375,0.6465799813576045,0.07115968771366035
openevolve_native,0.9067769499999999,0.6465799813576045,0.07115968771366035
openevolve_native,0.90817225,0.6465799813576045,0.07115968771366035
openevolve_native,0.9088521499999999,0.6465799813576045,0.07115968771366035
openevolve_native,0.9204489499999999,0.6465799813576045,0.07115968771366035
openevolve_native,0.9284661499999999,0.6465799813576045,0.07115968771366035
openevolve_native,0.9292709499999999,0.6465799813576045,0.07115968771366035
openevolve_native,0.94137425,0.656734400948988,0.08582308247142602
openevolve_native,0.94613975,0.656734400948988,0.08582308247142602
openevolve_native,0.9514553499999999,0.656734400948988,0.08582308247142602
openevolve_native,0.962467,0.656734400948988,0.08582308247142602
openevolve_native,0.9663468499999999,0.6643774605077942,0.07463637007943616
openevolve_native,0.9714585,0.6643774605077942,0.07463637007943616
openevolve_native,0.9785545,0.6643774605077942,0.07463637007943616
openevolve_native,0.9867514000000001,0.6643774605077942,0.07463637007943616
openevolve_native,0.9902470999999998,0.6643774605077942,0.07463637007943616
openevolve_native,0.9973788499999998,0.6643774605077942,0.07463637007943616
openevolve_native,1.0086875499999999,0.6643774605077942,0.07463637007943616
openevolve_native,1.0091956,0.6643774605077942,0.07463637007943616
openevolve_native,1.01665145,0.6643774605077942,0.07463637007943616
openevolve_native,1.0289194499999998,0.6643774605077942,0.07463637007943616
openevolve_native,1.0328046,0.6643774605077942,0.07463637007943616
openevolve_native,1.0362056499999999,0.6643774605077942,0.07463637007943616
openevolve_native,1.0534097,0.6643774605077942,0.07463637007943616
openevolve_native,1.05545205,0.6643774605077942,0.07463637007943616
openevolve_native,1.066607,0.6643774605077942,0.07463637007943616
openevolve_native,1.0721232,0.6643774605077942,0.07463637007943616
openevolve_native,1.0847003,0.6643774605077942,0.07463637007943616
openevolve_native,1.0948703499999999,0.6643774605077942,0.07463637007943616
openevolve_native,1.1043543,0.6643774605077942,0.07463637007943616
openevolve_native,1.11515115,0.6643774605077942,0.07463637007943616
openevolve_native,1.1244670499999998,0.6643774605077942,0.07463637007943616
openevolve_native,1.1397633999999999,0.6646610887417754,0.07459560918636222
openevolve_native,1.1451618499999998,0.6714648708168315,0.06523565174163697
openevolve_native,1.1487823,0.671569227176288,0.06540601501629856
openevolve_native,1.1565427,0.671569227176288,0.06540601501629856
openevolve_native,1.1597886499999999,0.671569227176288,0.06540601501629856
openevolve_native,1.1728191499999998,0.671569227176288,0.06540601501629856
openevolve_native,1.175949,0.671569227176288,0.06540601501629856
openevolve_native,1.1844065999999998,0.671569227176288,0.06540601501629856
openevolve_native,1.1949690999999998,0.671569227176288,0.06540601501629856
openevolve_native,1.1980907,0.671569227176288,0.06540601501629856
openevolve_native,1.2048185,0.671569227176288,0.06540601501629856
openevolve_native,1.2162715,0.671569227176288,0.06540601501629856
openevolve_native,1.2193657999999998,0.671569227176288,0.06540601501629856
openevolve_native,1.224457,0.671569227176288,0.06540601501629856
openevolve_native,1.2356466000000002,0.6781899368416014,0.05717442835251742
openevolve_native,1.24751845,0.6781899368416014,0.05717442835251742
openevolve_native,1.2475423,0.6781899368416014,0.05717442835251742
openevolve_native,1.2673112,0.6781899368416014,0.05717442835251742
openevolve_native,1.27669335,0.6781899368416014,0.05717442835251742
openevolve_native,1.2881904,0.6781899368416014,0.05717442835251742
openevolve_native,1.29905915,0.6781899368416014,0.05717442835251742
openevolve_native,1.3008001999999999,0.6781899368416014,0.05717442835251742
openevolve_native,1.3110270999999998,0.6781899368416014,0.05717442835251742
openevolve_native,1.3202189,0.6781899540450328,0.05717440841180534
openevolve_native,1.3328178499999999,0.6781899540450328,0.05717440841180534
openevolve_native,1.3380000499999998,0.6781899540450328,0.05717440841180534
openevolve_native,1.3495610999999998,0.6781899540450328,0.05717440841180534
openevolve_native,1.3521512999999998,0.6781899540450328,0.05717440841180534
openevolve_native,1.3602549499999999,0.6781899540450328,0.05717440841180534
openevolve_native,1.37142195,0.6781899540450328,0.05717440841180534
openevolve_native,1.371697,0.6781899540450328,0.05717440841180534
openevolve_native,1.3866528999999999,0.6781899540450328,0.05717440841180534
openevolve_native,1.3868118999999999,0.6781899540450328,0.05717440841180534
openevolve_native,1.39303975,0.6781899540450328,0.05717440841180534
openevolve_native,1.4066138000000001,0.6781899540450328,0.05717440841180534
openevolve_native,1.4137658499999999,0.6781899540450328,0.05717440841180534
openevolve_native,1.4148849,0.6781899540450328,0.05717440841180534
openevolve_native,1.4190017,0.6781899540450328,0.05717440841180534
openevolve_native,1.4245282,0.6781899540450328,0.05717440841180534
openevolve_native,1.4385637,0.6781899540450328,0.05717440841180534
openevolve_native,1.4505681499999998,0.6781899540450328,0.05717440841180534
openevolve_native,1.4580931,0.6781899540450328,0.05717440841180534
openevolve_native,1.459325,0.6781899540450328,0.05717440841180534
openevolve_native,1.46784525,0.6781899540450328,0.05717440841180534
openevolve_native,1.47620905,0.6781899540450328,0.05717440841180534
openevolve_native,1.4795204,0.6781899540450328,0.05717440841180534
openevolve_native,1.4874022,0.6781899540450328,0.05717440841180534
openevolve_native,1.49975675,0.6781899540450328,0.05717440841180534
openevolve_native,1.5028813499999998,0.6781899540450328,0.05717440841180534
openevolve_native,1.5044270999999998,0.6781899540450328,0.05717440841180534
openevolve_native,1.5132558,0.6781899540450328,0.05717440841180534
openevolve_native,1.52007975,0.6781899540450328,0.05717440841180534
openevolve_native,1.5259226499999998,0.6781899540450328,0.05717440841180534
openevolve_native,1.52928425,0.6781899540450328,0.05717440841180534
openevolve_native,1.54150625,0.6781899540450328,0.05717440841180534
openevolve_native,1.55008055,0.6781899540450328,0.05717440841180534
openevolve_native,1.55227265,0.6781899540450328,0.05717440841180534
openevolve_native,1.5527369,0.6781899540450328,0.05717440841180534
openevolve_native,1.57152725,0.6781899540450328,0.05717440841180534
openevolve_native,1.5718478999999999,0.6781899540450328,0.05717440841180534
openevolve_native,1.5771669499999998,0.6781899540450328,0.05717440841180534
openevolve_native,1.58408105,0.6816569750749091,0.05334270260469849
openevolve_native,1.5954875999999998,0.6816631412345622,0.05335329832175573
openevolve_native,1.6030336,0.6816631412345622,0.05335329832175573
openevolve_native,1.60573595,0.6816631412345622,0.05335329832175573
openevolve_native,1.61830005,0.6816631412345622,0.05335329832175573
openevolve_native,1.6184773499999998,0.6816631412345622,0.05335329832175573
openevolve_native,1.62508975,0.6816631412345622,0.05335329832175573
openevolve_native,1.6293434,0.6816631412345622,0.05335329832175573
openevolve_native,1.6350936999999997,0.6816631412345622,0.05335329832175573
openevolve_native,1.6436064,0.6816631412345622,0.05335329832175573
openevolve_native,1.653742,0.6816631412345622,0.05335329832175573
openevolve_native,1.6544682,0.6816631412345622,0.05335329832175573
openevolve_native,1.6665202999999997,0.6816631412345622,0.05335329832175573
openevolve_native,1.6666439,0.6816631412345622,0.05335329832175573
openevolve_native,1.6765718,0.6816631412345622,0.05335329832175573
openevolve_native,1.6859525999999998,0.6816631412345622,0.05335329832175573
openevolve_native,1.6876622999999997,0.6816631412345622,0.05335329832175573
openevolve_native,1.6980610999999999,0.6816631412345622,0.05335329832175573
openevolve_native,1.7057809,0.6816631412345622,0.05335329832175573
openevolve_native,1.71281965,0.6816631412345622,0.05335329832175573
openevolve_native,1.71598565,0.6816631412345622,0.05335329832175573
openevolve_native,1.7178334,0.6816631412345622,0.05335329832175573
openevolve_native,1.7347740499999997,0.6816631412345622,0.05335329832175573
openevolve_native,1.7355203000000001,0.6816631412345622,0.05335329832175573
openevolve_native,1.74018185,0.6816631412345622,0.05335329832175573
openevolve_native,1.7492112499999997,0.6816631412345622,0.05335329832175573
openevolve_native,1.7548251499999998,0.6816631412345622,0.05335329832175573
openevolve_native,1.7632664999999998,0.6856626962745588,0.051070427754097716
openevolve_native,1.7696155999999998,0.6856626962745588,0.051070427754097716
openevolve_native,1.7900218499999998,0.6856626962745588,0.051070427754097716
openevolve_native,1.7907806499999999,0.6856626962745588,0.051070427754097716
openevolve_native,1.8051712,0.6856626962745588,0.051070427754097716
openevolve_native,1.8157580500000001,0.6856626962745588,0.051070427754097716
openevolve_native,1.82517695,0.6856626962745588,0.051070427754097716
openevolve_native,1.82781185,0.6856626962745588,0.051070427754097716
openevolve_native,1.84343925,0.6856626962745588,0.051070427754097716
openevolve_native,1.850905,0.6856626962745588,0.051070427754097716
openevolve_native,1.863939,0.6856626962745588,0.051070427754097716
openevolve_native,1.87518265,0.6856626962745588,0.051070427754097716
openevolve_native,1.88513295,0.6856626962745588,0.051070427754097716
openevolve_native,1.89617885,0.6856626962745588,0.051070427754097716
openevolve_native,1.8998885,0.685662696274559,0.05107042775409778
openevolve_native,1.9204169999999998,0.685662696274559,0.05107042775409778
openevolve_native,1.9224113500000002,0.685662696274559,0.05107042775409778
openevolve_native,1.9358269999999997,0.685662696274559,0.05107042775409778
openevolve_native,1.9450656999999998,0.685662696274559,0.05107042775409778
openevolve_native,1.95025185,0.685662696274559,0.05107042775409778
openevolve_native,1.9653760999999998,0.685662696274559,0.05107042775409778
openevolve_native,1.9872067,0.685662696274559,0.05107042775409778
openevolve_native,2.0,0.685662696274559,0.05107042775409778
shinkaevolve,0.0,0.4982536422541924,6.798699777552591e-17
shinkaevolve,3.21e-05,0.4982536422541924,6.798699777552591e-17
shinkaevolve,0.00629863,0.4982536422541924,6.798699777552591e-17
shinkaevolve,0.00782555,0.52718032017629,0.050102475855253986
shinkaevolve,0.01090322,0.5321137115426835,0.04642362834366096
shinkaevolve,0.014177299999999999,0.5321137115426835,0.04642362834366096
shinkaevolve,0.022579030000000003,0.5321137115426835,0.04642362834366096
shinkaevolve,0.032920990000000004,0.5321137115426835,0.04642362834366096
shinkaevolve,0.03687751,0.5437588892952918,0.04354441595638955
shinkaevolve,0.040297549999999994,0.5504290114760861,0.03345162294731242
shinkaevolve,0.04328845,0.5504290114760861,0.03345162294731242
shinkaevolve,0.043399099999999996,0.5504290114760861,0.03345162294731242
shinkaevolve,0.048059620000000004,0.5697829451232401,0.01936949503227006
shinkaevolve,0.048575560000000004,0.5697829451232401,0.01936949503227006
shinkaevolve,0.05103965,0.5697829451232401,0.01936949503227006
shinkaevolve,0.057642519999999996,0.5697829451232401,0.01936949503227006
shinkaevolve,0.06731532000000001,0.587821372420432,0.04665436225510263
shinkaevolve,0.06948078,0.587821372420432,0.04665436225510263
shinkaevolve,0.07331145,0.587821372420432,0.04665436225510263
shinkaevolve,0.07352601,0.587821372420432,0.04665436225510263
shinkaevolve,0.08904457999999998,0.587821372420432,0.04665436225510263
shinkaevolve,0.16658195,0.587821372420432,0.04665436225510263
shinkaevolve,0.1730687,0.587821372420432,0.04665436225510263
shinkaevolve,0.18314666999999998,0.587821372420432,0.04665436225510263
shinkaevolve,0.19028027,0.5993186250033582,0.034631105770928254
shinkaevolve,0.1919756,0.5993186250033582,0.034631105770928254
shinkaevolve,0.19789982000000003,0.5993186250033582,0.034631105770928254
shinkaevolve,0.20366406999999997,0.5993186250033582,0.034631105770928254
shinkaevolve,0.20757212,0.5993186250033582,0.034631105770928254
shinkaevolve,0.22034381,0.5993186250033582,0.034631105770928254
shinkaevolve,0.23784478,0.5993186250033582,0.034631105770928254
shinkaevolve,0.23945695,0.5993186250033582,0.034631105770928254
shinkaevolve,0.24439927999999997,0.5993186250033582,0.034631105770928254
shinkaevolve,0.25214432999999997,0.5993186250033582,0.034631105770928254
shinkaevolve,0.25471371,0.5994302434277153,0.03452030703080201
shinkaevolve,0.26229471,0.6171878897222517,0.035138629930601836
shinkaevolve,0.27370555,0.6171878897222517,0.035138629930601836
shinkaevolve,0.27629376,0.6171878897222517,0.035138629930601836
shinkaevolve,0.31134474,0.6171878897222517,0.035138629930601836
shinkaevolve,0.31874181,0.6290988816641002,0.048205420054867665
shinkaevolve,0.33886781999999993,0.6290988816641002,0.048205420054867665
shinkaevolve,0.34232421,0.6290988816641002,0.048205420054867665
shinkaevolve,0.35509189,0.6290988816641002,0.048205420054867665
shinkaevolve,0.42676907999999997,0.6290988816641002,0.048205420054867665
shinkaevolve,0.44916354000000003,0.6290988816641002,0.048205420054867665
shinkaevolve,0.45237152999999997,0.6290988816641002,0.048205420054867665
shinkaevolve,0.45769267999999996,0.6290988816641002,0.048205420054867665
shinkaevolve,0.46869925000000007,0.6290988816641002,0.048205420054867665
shinkaevolve,0.47166734000000005,0.6290988816641002,0.048205420054867665
shinkaevolve,0.48741398,0.6290988816641002,0.048205420054867665
shinkaevolve,0.49398928,0.6439952532977807,0.02541752735812748
shinkaevolve,0.50718631,0.6439952532977807,0.02541752735812748
shinkaevolve,0.50895026,0.6439952532977807,0.02541752735812748
shinkaevolve,0.52361377,0.6586832810772721,0.050046625934395815
shinkaevolve,0.52824296,0.6586832810772721,0.050046625934395815
shinkaevolve,0.52874918,0.6586832810772721,0.050046625934395815
shinkaevolve,0.52884104,0.6586832810772721,0.050046625934395815
shinkaevolve,0.54271591,0.6586832810772721,0.050046625934395815
shinkaevolve,0.54531279,0.6586832810772721,0.050046625934395815
shinkaevolve,0.56273466,0.6586832810772721,0.050046625934395815
shinkaevolve,0.56544597,0.6586832810772721,0.050046625934395815
shinkaevolve,0.57087996,0.6586832810772721,0.050046625934395815
shinkaevolve,0.57447064,0.6586832810772721,0.050046625934395815
shinkaevolve,0.57958261,0.6586832810772721,0.050046625934395815
shinkaevolve,0.59444154,0.6586832810772721,0.050046625934395815
shinkaevolve,0.60354995,0.6586832810772721,0.050046625934395815
shinkaevolve,0.6170082100000001,0.6586832810772721,0.050046625934395815
shinkaevolve,0.63304692,0.6586832810772721,0.050046625934395815
shinkaevolve,0.67690535,0.6586832810772721,0.050046625934395815
shinkaevolve,0.69020013,0.6586832810772721,0.050046625934395815
shinkaevolve,0.70120495,0.6586832810772721,0.050046625934395815
shinkaevolve,0.70794404,0.6586832810772721,0.050046625934395815
shinkaevolve,0.7146144,0.6586832810772721,0.050046625934395815
shinkaevolve,0.7294142899999999,0.6586832810772721,0.050046625934395815
shinkaevolve,0.73205037,0.6586832810772721,0.050046625934395815
shinkaevolve,0.73466501,0.6586832810772721,0.050046625934395815
shinkaevolve,0.7438109799999999,0.6586832810772721,0.050046625934395815
shinkaevolve,0.743864,0.6586832810772721,0.050046625934395815
shinkaevolve,0.75024434,0.6586832810772721,0.050046625934395815
shinkaevolve,0.76890145,0.6586832810772721,0.050046625934395815
shinkaevolve,0.7691173199999999,0.6586832810772721,0.050046625934395815
shinkaevolve,0.7817813899999999,0.6586832810772721,0.050046625934395815
shinkaevolve,0.7886224099999999,0.6586832810772721,0.050046625934395815
shinkaevolve,0.7928126099999999,0.6615409857734571,0.048597265506107185
shinkaevolve,0.79883374,0.6615409857734571,0.048597265506107185
shinkaevolve,0.8169255,0.6615409857734571,0.048597265506107185
shinkaevolve,0.82716611,0.6615409857734571,0.048597265506107185
shinkaevolve,0.83953689,0.6617601983129706,0.0483260502025006
shinkaevolve,0.8454120199999999,0.6617601983129706,0.0483260502025006
shinkaevolve,0.8456127099999999,0.6617601983129706,0.0483260502025006
shinkaevolve,0.8694325899999998,0.6617601983129706,0.0483260502025006
shinkaevolve,0.87407249,0.6617601983129706,0.0483260502025006
shinkaevolve,0.87753017,0.6617601983129706,0.0483260502025006
shinkaevolve,0.8966116,0.6617601983129706,0.0483260502025006
shinkaevolve,0.89876455,0.6617601983129706,0.0483260502025006
shinkaevolve,0.90611879,0.6617601983129706,0.0483260502025006
shinkaevolve,0.92622606,0.6624618515443959,0.0474679479087104
shinkaevolve,0.9643606499999999,0.6624618515443959,0.0474679479087104
shinkaevolve,0.9838212799999999,0.6624618515443959,0.0474679479087104
shinkaevolve,0.9957473799999998,0.6624618515443959,0.0474679479087104
shinkaevolve,1.02531014,0.6624618515443959,0.0474679479087104
shinkaevolve,1.0297601199999997,0.6624618515443959,0.0474679479087104
shinkaevolve,1.0488113700000001,0.6624618515443959,0.0474679479087104
shinkaevolve,1.06505075,0.6624618515443959,0.0474679479087104
shinkaevolve,1.074747,0.6624618515443959,0.0474679479087104
shinkaevolve,1.08067229,0.6624618515443959,0.0474679479087104
shinkaevolve,1.0814489299999999,0.6624618515443959,0.0474679479087104
shinkaevolve,1.0836772499999998,0.6624618515443959,0.0474679479087104
shinkaevolve,1.09805422,0.6624618560318539,0.047467942470567764
shinkaevolve,1.10555243,0.6624618560318539,0.047467942470567764
shinkaevolve,1.11333219,0.6624618560318539,0.047467942470567764
shinkaevolve,1.1144186600000001,0.6624618560318539,0.047467942470567764
shinkaevolve,1.1230411999999999,0.6624618560318539,0.047467942470567764
shinkaevolve,1.13619231,0.6638875768608293,0.046864263044582806
shinkaevolve,1.1568009399999999,0.6638877667563926,0.04686402128953376
shinkaevolve,1.16562513,0.6638877667563926,0.04686402128953376
shinkaevolve,1.17304982,0.6638877667563926,0.04686402128953376
shinkaevolve,1.18754085,0.6638877667563926,0.04686402128953376
shinkaevolve,1.189544,0.6638877667563926,0.04686402128953376
shinkaevolve,1.2063701,0.6638877667563926,0.04686402128953376
shinkaevolve,1.21612671,0.6638877667563926,0.04686402128953376
shinkaevolve,1.23898231,0.6638877667563926,0.04686402128953376
shinkaevolve,1.2496827499999998,0.6638877667563926,0.04686402128953376
shinkaevolve,1.3431722999999998,0.6638877667563926,0.04686402128953376
shinkaevolve,1.35576458,0.6691191310679122,0.04067073273604173
shinkaevolve,1.35750832,0.6691191310679122,0.04067073273604173
shinkaevolve,1.3628374699999999,0.6691191310679122,0.04067073273604173
shinkaevolve,1.3860215,0.6691191310679122,0.04067073273604173
shinkaevolve,1.38972425,0.6691191310679122,0.04067073273604173
shinkaevolve,1.4003491,0.6691191310679122,0.04067073273604173
shinkaevolve,1.4152232999999999,0.6691191310679122,0.04067073273604173
shinkaevolve,1.4191598699999999,0.6691191310679122,0.04067073273604173
shinkaevolve,1.4203132899999997,0.6691191310679122,0.04067073273604173
shinkaevolve,1.44616813,0.6691191310679122,0.04067073273604173
shinkaevolve,1.45030123,0.6691191310679122,0.04067073273604173
shinkaevolve,1.45283457,0.6691191310679122,0.04067073273604173
shinkaevolve,1.4732174900000001,0.6691191310679122,0.04067073273604173
shinkaevolve,1.4744621799999997,0.6691191310679122,0.04067073273604173
shinkaevolve,1.49457058,0.6691191310679122,0.04067073273604173
shinkaevolve,1.4974321099999999,0.6691191310679122,0.04067073273604173
shinkaevolve,1.50286275,0.6691191310679122,0.04067073273604173
shinkaevolve,1.51453931,0.6691191310679122,0.04067073273604173
shinkaevolve,1.5277373200000002,0.6691191310679122,0.04067073273604173
shinkaevolve,1.52980629,0.6691228311113462,0.040677069010965454
shinkaevolve,1.53985506,0.6691228311113462,0.040677069010965454
shinkaevolve,1.54789262,0.6691228311113462,0.040677069010965454
shinkaevolve,1.5604891100000002,0.6691228311113462,0.040677069010965454
shinkaevolve,1.56786921,0.6691228311113462,0.040677069010965454
shinkaevolve,1.58869559,0.6691228786727569,0.04067715045939313
shinkaevolve,1.5987352899999998,0.6691228786727569,0.04067715045939313
shinkaevolve,1.6194473199999997,0.6691228786727569,0.04067715045939313
shinkaevolve,1.64348199,0.6691228786727569,0.04067715045939313
shinkaevolve,1.6473867999999998,0.6691228786727569,0.04067715045939313
shinkaevolve,1.6672001,0.6691228786727569,0.04067715045939313
shinkaevolve,1.68055887,0.6691228786727569,0.04067715045939313
shinkaevolve,1.7003507599999999,0.6691228786727569,0.04067715045939313
shinkaevolve,1.73183601,0.6691228786727569,0.04067715045939313
shinkaevolve,1.7518515399999999,0.6691228786727569,0.04067715045939313
shinkaevolve,1.76696564,0.6691228786727569,0.04067715045939313
shinkaevolve,1.78379374,0.6691228786727569,0.04067715045939313
shinkaevolve,1.80681753,0.6691228786727569,0.04067715045939313
shinkaevolve,1.8156255499999998,0.6691228786727569,0.04067715045939313
shinkaevolve,1.8515759799999998,0.6691228786727569,0.04067715045939313
shinkaevolve,1.86079424,0.6691228786727569,0.04067715045939313
shinkaevolve,1.88160439,0.6691228786727569,0.04067715045939313
shinkaevolve,1.9007072399999998,0.6691228786727569,0.04067715045939313
shinkaevolve,1.92371125,0.6691228786727569,0.04067715045939313
shinkaevolve,1.9237719299999998,0.6691228786727569,0.04067715045939313
shinkaevolve,1.9389712099999998,0.6691228786727569,0.04067715045939313
shinkaevolve,1.95638873,0.6691228786727569,0.04067715045939313
shinkaevolve,1.9580727299999998,0.6691228786727569,0.04067715045939313
shinkaevolve,1.95879072,0.6691228786727569,0.04067715045939313
shinkaevolve,1.98048648,0.6691241015203692,0.04067924457466661
shinkaevolve,1.9826055999999999,0.6691241015203692,0.04067924457466661
shinkaevolve,1.9888494099999998,0.6691241015203692,0.04067924457466661
shinkaevolve,1.9935193699999998,0.6691241015203692,0.04067924457466661
shinkaevolve,2.0,0.6691241015203692,0.04067924457466661
