problem,method,seed,private_performance,private_rank,private_score,passed,cases,pass_rate
ahc008,evox,73,1220,405,7439525833,2000,2000,1.0
ahc008,frugalevo,73,1224,402,7573269781,2000,2000,1.0
ahc008,adaevolve,73,1224,402,7536097206,2000,2000,1.0
ahc008,openevolve_native,73,1213,410,7341920815,2000,2000,1.0
ahc008,shinkaevolve,73,1218,406,7393468133,2000,2000,1.0
ahc011,evox,73,1650,189,1285006693,3000,3000,1.0
ahc011,frugalevo,73,1673,180,1344118405,3000,3000,1.0
ahc011,adaevolve,73,1650,189,1287070945,3000,3000,1.0
ahc011,openevolve_native,73,1650,189,1284118151,3000,3000,1.0
ahc011,shinkaevolve,73,1665,183,1322319533,3000,3000,1.0
ahc015,evox,73,2422,30,138753173,200,200,1.0
ahc015,frugalevo,73,2459,27,139503677,200,200,1.0
ahc015,adaevolve,73,2422,30,138781503,200,200,1.0
ahc015,openevolve_native,73,2446,28,139293702,200,200,1.0
ahc015,shinkaevolve,73,2368,35,137809035,200,200,1.0
ahc016,evox,73,1452,346,16477389428,2000,2000,1.0
ahc016,frugalevo,73,1722,197,25555868876,2000,2000,1.0
ahc016,adaevolve,73,1451,347,16397986997,2000,2000,1.0
ahc016,openevolve_native,73,1452,346,16452310085,2000,2000,1.0
ahc016,shinkaevolve,73,1700,207,27990897181,2000,2000,1.0
ahc024,evox,73,1971,89,287673,150,150,1.0
ahc024,frugalevo,73,1971,89,287527,150,150,1.0
ahc024,adaevolve,73,1980,87,288866,150,150,1.0
ahc024,openevolve_native,73,1980,87,288890,150,150,1.0
ahc024,shinkaevolve,73,2027,77,292561,150,150,1.0
ahc025,evox,73,1373,405,22694022841,5000,5000,1.0
ahc025,frugalevo,73,1387,395,22171163466,5000,5000,1.0
ahc025,adaevolve,73,1365,411,23867240503,5000,5000,1.0
ahc025,openevolve_native,73,1456,348,13033317682,5000,5000,1.0
ahc025,shinkaevolve,73,1525,305,12178563799,5000,5000,1.0
ahc026,evox,73,1958,113,1390409,150,150,1.0
ahc026,frugalevo,73,1954,114,1390246,150,150,1.0
ahc026,adaevolve,73,1947,116,1389964,150,150,1.0
ahc026,openevolve_native,73,1965,111,1390700,150,150,1.0
ahc026,shinkaevolve,73,1519,283,1374202,150,150,1.0
ahc027,evox,73,1768,176,34689872304,2000,2000,1.0
ahc027,frugalevo,73,1822,155,33378631534,2000,2000,1.0
ahc027,adaevolve,73,1773,174,34595851272,2000,2000,1.0
ahc027,openevolve_native,73,1776,173,34418570326,2000,2000,1.0
ahc027,shinkaevolve,73,1791,167,33888004748,2000,2000,1.0
ahc039,evox,73,2831,6,548526,150,150,1.0
ahc039,frugalevo,73,2880,5,550449,150,150,1.0
ahc039,adaevolve,73,2880,5,550248,150,150,1.0
ahc039,openevolve_native,73,2789,7,547450,150,150,1.0
ahc039,shinkaevolve,73,2831,6,547821,150,150,1.0
ahc046,evox,73,2148,86,217248,150,150,1.0
ahc046,frugalevo,73,2157,84,217362,150,150,1.0
ahc046,adaevolve,73,2127,91,217087,150,150,1.0
ahc046,openevolve_native,73,2148,86,217243,150,150,1.0
ahc046,shinkaevolve,73,2135,89,217173,150,150,1.0
